ticker,period,period_start,period_end,strike,dte,roll,total_return_pct,annual_return_pct,max_drawdown_pct,total_trades,csp_trades,cc_trades,win_rate,premium_collected,completed_cycles,avg_cycle_days,initial_capital,final_capital
AAPL,1Y,2025-05-02,2026-03-20,ATM,30,Hold to Expiry,5.61,6.39,-7.67,8,5,3,87.5,5665.37,1,61.0,31451.47,33215.84
AAPL,1Y,2025-05-02,2026-03-20,ATM,30,Roll @50% Profit,15.56,17.84,-2.07,11,11,0,81.8,9080.89,0,0.0,31451.47,36344.45
AAPL,1Y,2025-05-02,2026-03-20,ATM,30,Roll @75% Profit,7.44,8.49,-5.99,9,9,0,77.8,7456.84,0,0.0,31451.47,33792.1
AAPL,1Y,2025-05-02,2026-03-20,ATM,30,Roll @7d Before,27.44,31.68,-2.07,17,17,0,94.1,14610.73,0,0.0,31451.47,40080.68
AAPL,1Y,2025-05-02,2026-03-20,ATM,45,Hold to Expiry,11.21,12.82,-7.78,5,4,1,80.0,5427.87,0,0.0,31451.47,34978.34
AAPL,1Y,2025-05-02,2026-03-20,ATM,45,Roll @50% Profit,16.72,19.19,-2.38,9,9,0,77.8,9740.3,0,0.0,31451.47,36710.81
AAPL,1Y,2025-05-02,2026-03-20,ATM,45,Roll @75% Profit,12.45,14.25,-0.7,6,6,0,83.3,6293.32,0,0.0,31451.47,35367.45
AAPL,1Y,2025-05-02,2026-03-20,ATM,45,Roll @7d Before,27.13,31.33,-1.81,13,13,0,92.3,13766.02,0,0.0,31451.47,39985.31
AAPL,1Y,2025-05-02,2026-03-20,ATM,60,Hold to Expiry,9.72,11.1,-7.89,4,3,1,75.0,5057.44,0,0.0,31451.47,34507.91
AAPL,1Y,2025-05-02,2026-03-20,ATM,60,Roll @50% Profit,14.66,16.79,-4.21,7,7,0,85.7,8442.64,0,0.0,31451.47,36060.94
AAPL,1Y,2025-05-02,2026-03-20,ATM,60,Roll @75% Profit,14.64,16.78,-0.28,5,5,0,80.0,5870.87,0,0.0,31451.47,36055.68
AAPL,1Y,2025-05-02,2026-03-20,ATM,60,Roll @7d Before,33.63,38.97,-1.74,12,12,0,91.7,15127.72,0,0.0,31451.47,42028.05
AAPL,1Y,2025-05-02,2026-03-20,3% OTM,30,Hold to Expiry,7.17,8.18,-7.31,8,5,3,87.5,4157.57,1,61.0,31451.47,33708.04
AAPL,1Y,2025-05-02,2026-03-20,3% OTM,30,Roll @50% Profit,13.61,15.59,-1.04,11,11,0,90.9,5741.42,0,0.0,31451.47,35732.73
AAPL,1Y,2025-05-02,2026-03-20,3% OTM,30,Roll @75% Profit,6.14,7.0,-4.04,9,9,0,77.8,4707.1,0,0.0,31451.47,33383.8
AAPL,1Y,2025-05-02,2026-03-20,3% OTM,30,Roll @7d Before,22.47,25.87,-1.04,17,17,0,94.1,9210.56,0,0.0,31451.47,38519.03
AAPL,1Y,2025-05-02,2026-03-20,3% OTM,45,Hold to Expiry,8.72,9.95,-7.87,5,4,1,100.0,3843.39,0,0.0,31451.47,34193.86
AAPL,1Y,2025-05-02,2026-03-20,3% OTM,45,Roll @50% Profit,14.76,16.91,-1.28,9,9,0,88.9,6787.62,0,0.0,31451.47,36092.62
AAPL,1Y,2025-05-02,2026-03-20,3% OTM,45,Roll @75% Profit,12.76,14.61,0.0,6,6,0,100.0,4432.7,0,0.0,31451.47,35465.51
AAPL,1Y,2025-05-02,2026-03-20,3% OTM,45,Roll @7d Before,23.9,27.54,-0.96,13,13,0,92.3,9531.03,0,0.0,31451.47,38968.17
AAPL,1Y,2025-05-02,2026-03-20,3% OTM,60,Hold to Expiry,8.41,9.59,-7.91,4,3,1,75.0,3844.8,0,0.0,31451.47,34095.27
AAPL,1Y,2025-05-02,2026-03-20,3% OTM,60,Roll @50% Profit,13.27,15.2,-3.03,7,7,0,85.7,6263.48,0,0.0,31451.47,35626.04
AAPL,1Y,2025-05-02,2026-03-20,3% OTM,60,Roll @75% Profit,13.22,15.14,0.0,5,5,0,100.0,4352.5,0,0.0,31451.47,35610.6
AAPL,1Y,2025-05-02,2026-03-20,3% OTM,60,Roll @7d Before,29.62,34.24,-1.0,12,12,0,91.7,11023.4,0,0.0,31451.47,40767.16
AAPL,1Y,2025-05-02,2026-03-20,5% OTM,30,Hold to Expiry,5.24,5.97,-7.64,8,6,2,87.5,3249.33,0,0.0,31451.47,33099.8
AAPL,1Y,2025-05-02,2026-03-20,5% OTM,30,Roll @50% Profit,11.24,12.85,-0.38,11,11,0,90.9,4118.5,0,0.0,31451.47,34985.52
AAPL,1Y,2025-05-02,2026-03-20,5% OTM,30,Roll @75% Profit,6.17,7.03,-2.25,9,9,0,77.8,3510.06,0,0.0,31451.47,33391.69
AAPL,1Y,2025-05-02,2026-03-20,5% OTM,30,Roll @7d Before,18.18,20.87,-0.38,17,17,0,94.1,6611.53,0,0.0,31451.47,37167.89
AAPL,1Y,2025-05-02,2026-03-20,5% OTM,45,Hold to Expiry,9.39,10.73,0.0,5,5,0,100.0,2954.28,0,0.0,31451.47,34405.75
AAPL,1Y,2025-05-02,2026-03-20,5% OTM,45,Roll @50% Profit,12.85,14.71,-0.59,9,9,0,88.9,5321.2,0,0.0,31451.47,35493.53
AAPL,1Y,2025-05-02,2026-03-20,5% OTM,45,Roll @75% Profit,10.9,12.47,0.0,6,6,0,100.0,3470.47,0,0.0,31451.47,34881.22
AAPL,1Y,2025-05-02,2026-03-20,5% OTM,45,Roll @7d Before,20.21,23.24,-0.42,13,13,0,92.3,7311.69,0,0.0,31451.47,37808.94
AAPL,1Y,2025-05-02,2026-03-20,5% OTM,60,Hold to Expiry,7.92,9.04,-7.91,4,3,1,75.0,3191.54,0,0.0,31451.47,33942.01
AAPL,1Y,2025-05-02,2026-03-20,5% OTM,60,Roll @50% Profit,11.99,13.72,-2.0,7,7,0,85.7,5040.73,0,0.0,31451.47,35222.52
AAPL,1Y,2025-05-02,2026-03-20,5% OTM,60,Roll @75% Profit,11.12,12.72,0.0,5,5,0,100.0,3560.37,0,0.0,31451.47,34949.68
AAPL,1Y,2025-05-02,2026-03-20,5% OTM,60,Roll @7d Before,25.65,29.59,-0.53,12,12,0,91.7,8874.04,0,0.0,31451.47,39519.34
AAPL,1Y,2025-05-02,2026-03-20,10% OTM,30,Hold to Expiry,4.53,5.15,0.0,8,8,0,100.0,1423.54,0,0.0,31451.47,32875.01
AAPL,1Y,2025-05-02,2026-03-20,10% OTM,30,Roll @50% Profit,5.44,6.2,0.0,11,11,0,100.0,1741.79,0,0.0,31451.47,33163.75
AAPL,1Y,2025-05-02,2026-03-20,10% OTM,30,Roll @75% Profit,4.85,5.52,0.0,9,9,0,100.0,1563.88,0,0.0,31451.47,32975.53
AAPL,1Y,2025-05-02,2026-03-20,10% OTM,30,Roll @7d Before,8.15,9.3,0.0,17,17,0,100.0,2619.7,0,0.0,31451.47,34013.82
AAPL,1Y,2025-05-02,2026-03-20,10% OTM,45,Hold to Expiry,5.31,6.04,0.0,5,5,0,100.0,1668.9,0,0.0,31451.47,33120.37
AAPL,1Y,2025-05-02,2026-03-20,10% OTM,45,Roll @50% Profit,8.09,9.23,0.0,9,9,0,100.0,2719.24,0,0.0,31451.47,33996.09
AAPL,1Y,2025-05-02,2026-03-20,10% OTM,45,Roll @75% Profit,6.01,6.85,0.0,6,6,0,100.0,1896.04,0,0.0,31451.47,33342.51
AAPL,1Y,2025-05-02,2026-03-20,10% OTM,45,Roll @7d Before,10.92,12.49,0.0,13,13,0,100.0,3555.35,0,0.0,31451.47,34887.01
AAPL,1Y,2025-05-02,2026-03-20,10% OTM,60,Hold to Expiry,6.05,6.9,0.0,4,4,0,100.0,1903.84,0,0.0,31451.47,33355.31
AAPL,1Y,2025-05-02,2026-03-20,10% OTM,60,Roll @50% Profit,8.61,9.83,-0.11,7,7,0,85.7,2917.02,0,0.0,31451.47,34159.63
AAPL,1Y,2025-05-02,2026-03-20,10% OTM,60,Roll @75% Profit,6.86,7.82,0.0,5,5,0,100.0,2161.23,0,0.0,31451.47,33608.7
AAPL,1Y,2025-05-02,2026-03-20,10% OTM,60,Roll @7d Before,15.1,17.31,-0.04,12,12,0,91.7,4840.01,0,0.0,31451.47,36200.75
AAPL,3Y,2023-04-28,2026-03-20,ATM,30,Hold to Expiry,15.82,5.23,-19.58,24,12,12,87.5,9975.36,3,309.0,31451.47,36425.83
AAPL,3Y,2023-04-28,2026-03-20,ATM,30,Roll @50% Profit,12.54,4.19,-10.55,33,33,0,72.7,21415.97,0,0.0,31451.47,35396.83
AAPL,3Y,2023-04-28,2026-03-20,ATM,30,Roll @75% Profit,10.16,3.41,-12.75,26,26,0,76.9,16263.32,0,0.0,31451.47,34646.18
AAPL,3Y,2023-04-28,2026-03-20,ATM,30,Roll @7d Before,24.23,7.82,-10.55,39,39,0,76.9,26945.82,0,0.0,31451.47,39073.38
AAPL,3Y,2023-04-28,2026-03-20,ATM,45,Hold to Expiry,22.22,7.21,-19.99,16,8,8,75.0,10189.53,3,290.0,31451.47,38440.0
AAPL,3Y,2023-04-28,2026-03-20,ATM,45,Roll @50% Profit,18.64,6.11,-5.64,23,23,0,73.9,18251.23,0,0.0,31451.47,37315.32
AAPL,3Y,2023-04-28,2026-03-20,ATM,45,Roll @75% Profit,13.6,4.53,-4.62,18,18,0,66.7,13547.6,0,0.0,31451.47,35730.02
AAPL,3Y,2023-04-28,2026-03-20,ATM,45,Roll @7d Before,15.82,5.23,-13.9,26,26,0,73.1,22199.13,0,0.0,31451.47,36428.04
AAPL,3Y,2023-04-28,2026-03-20,ATM,60,Hold to Expiry,12.45,4.16,-21.88,12,8,4,66.7,8217.38,3,284.0,31451.47,35367.85
AAPL,3Y,2023-04-28,2026-03-20,ATM,60,Roll @50% Profit,14.4,4.78,-10.74,18,18,0,77.8,16437.28,0,0.0,31451.47,35981.71
AAPL,3Y,2023-04-28,2026-03-20,ATM,60,Roll @75% Profit,14.14,4.7,-6.57,14,14,0,71.4,12930.34,0,0.0,31451.47,35899.22
AAPL,3Y,2023-04-28,2026-03-20,ATM,60,Roll @7d Before,21.93,7.13,-8.59,21,21,0,76.2,19834.99,0,0.0,31451.47,38350.09
AAPL,3Y,2023-04-28,2026-03-20,3% OTM,30,Hold to Expiry,9.79,3.3,-12.39,24,14,10,79.2,6980.4,4,309.0,31451.47,34530.87
AAPL,3Y,2023-04-28,2026-03-20,3% OTM,30,Roll @50% Profit,10.41,3.5,-8.44,33,33,0,75.8,12506.1,0,0.0,31451.47,34724.24
AAPL,3Y,2023-04-28,2026-03-20,3% OTM,30,Roll @75% Profit,3.39,1.16,-11.38,26,26,0,80.8,9463.63,0,0.0,31451.47,32518.18
AAPL,3Y,2023-04-28,2026-03-20,3% OTM,30,Roll @7d Before,19.11,6.26,-8.44,39,39,0,79.5,15975.25,0,0.0,31451.47,37460.56
AAPL,3Y,2023-04-28,2026-03-20,3% OTM,45,Hold to Expiry,23.29,7.54,-19.44,16,8,8,81.2,7426.96,3,290.0,31451.47,38777.43
AAPL,3Y,2023-04-28,2026-03-20,3% OTM,45,Roll @50% Profit,17.07,5.62,-4.17,23,23,0,73.9,11842.99,0,0.0,31451.47,36821.34
AAPL,3Y,2023-04-28,2026-03-20,3% OTM,45,Roll @75% Profit,13.26,4.42,-3.26,18,18,0,77.8,8691.78,0,0.0,31451.47,35621.58
AAPL,3Y,2023-04-28,2026-03-20,3% OTM,45,Roll @7d Before,12.95,4.32,-12.06,26,26,0,76.9,14737.56,0,0.0,31451.47,35524.94
AAPL,3Y,2023-04-28,2026-03-20,3% OTM,60,Hold to Expiry,11.79,3.95,-22.86,12,8,4,66.7,6210.17,3,284.0,31451.47,35160.64
AAPL,3Y,2023-04-28,2026-03-20,3% OTM,60,Roll @50% Profit,12.85,4.29,-9.92,18,18,0,77.8,11423.21,0,0.0,31451.47,35492.9
AAPL,3Y,2023-04-28,2026-03-20,3% OTM,60,Roll @75% Profit,11.12,3.73,-5.66,14,14,0,71.4,9119.07,0,0.0,31451.47,34949.25
AAPL,3Y,2023-04-28,2026-03-20,3% OTM,60,Roll @7d Before,19.14,6.27,-7.22,21,21,0,81.0,13591.15,0,0.0,31451.47,37470.55
AAPL,3Y,2023-04-28,2026-03-20,5% OTM,30,Hold to Expiry,9.95,3.35,-11.17,24,14,10,75.0,5629.07,4,309.0,31451.47,34579.54
AAPL,3Y,2023-04-28,2026-03-20,5% OTM,30,Roll @50% Profit,8.41,2.84,-6.77,33,33,0,75.8,8531.41,0,0.0,31451.47,34095.66
AAPL,3Y,2023-04-28,2026-03-20,5% OTM,30,Roll @75% Profit,1.16,0.4,-10.01,26,26,0,84.6,6427.51,0,0.0,31451.47,31814.9
AAPL,3Y,2023-04-28,2026-03-20,5% OTM,30,Roll @7d Before,15.28,5.06,-6.77,39,39,0,79.5,11024.44,0,0.0,31451.47,36257.86
AAPL,3Y,2023-04-28,2026-03-20,5% OTM,45,Hold to Expiry,17.16,5.65,-8.24,16,10,6,87.5,6097.06,2,413.0,31451.47,36848.53
AAPL,3Y,2023-04-28,2026-03-20,5% OTM,45,Roll @50% Profit,15.1,5.0,-3.22,23,23,0,78.3,8806.41,0,0.0,31451.47,36199.33
AAPL,3Y,2023-04-28,2026-03-20,5% OTM,45,Roll @75% Profit,12.49,4.17,-2.44,18,18,0,83.3,6332.72,0,0.0,31451.47,35379.03
AAPL,3Y,2023-04-28,2026-03-20,5% OTM,45,Roll @7d Before,10.63,3.57,-10.68,26,26,0,76.9,10921.99,0,0.0,31451.47,34793.56
AAPL,3Y,2023-04-28,2026-03-20,5% OTM,60,Hold to Expiry,12.07,4.03,-23.38,12,8,4,66.7,5496.51,3,284.0,31451.47,35246.98
AAPL,3Y,2023-04-28,2026-03-20,5% OTM,60,Roll @50% Profit,10.2,3.43,-9.25,18,18,0,77.8,8768.53,0,0.0,31451.47,34660.96
AAPL,3Y,2023-04-28,2026-03-20,5% OTM,60,Roll @75% Profit,9.97,3.35,-4.87,14,14,0,71.4,7056.78,0,0.0,31451.47,34585.86
AAPL,3Y,2023-04-28,2026-03-20,5% OTM,60,Roll @7d Before,16.71,5.51,-5.73,21,21,0,81.0,10397.32,0,0.0,31451.47,36708.52
AAPL,3Y,2023-04-28,2026-03-20,10% OTM,30,Hold to Expiry,18.08,5.94,-7.66,24,19,5,91.7,2486.21,2,418.0,31451.47,37137.68
AAPL,3Y,2023-04-28,2026-03-20,10% OTM,30,Roll @50% Profit,4.24,1.45,-3.1,33,33,0,78.8,2902.06,0,0.0,31451.47,32783.93
AAPL,3Y,2023-04-28,2026-03-20,10% OTM,30,Roll @75% Profit,0.42,0.14,-5.19,26,26,0,88.5,2199.32,0,0.0,31451.47,31583.03
AAPL,3Y,2023-04-28,2026-03-20,10% OTM,30,Roll @7d Before,6.95,2.36,-3.1,39,39,0,82.1,3779.98,0,0.0,31451.47,33636.32
AAPL,3Y,2023-04-28,2026-03-20,10% OTM,45,Hold to Expiry,17.98,5.91,-5.78,16,13,3,87.5,3156.2,2,413.0,31451.47,37107.67
AAPL,3Y,2023-04-28,2026-03-20,10% OTM,45,Roll @50% Profit,8.61,2.91,-1.44,23,23,0,82.6,3878.53,0,0.0,31451.47,34159.46
AAPL,3Y,2023-04-28,2026-03-20,10% OTM,45,Roll @75% Profit,7.85,2.66,-0.25,18,18,0,94.4,2674.41,0,0.0,31451.47,33920.58
AAPL,3Y,2023-04-28,2026-03-20,10% OTM,45,Roll @7d Before,5.54,1.89,-7.46,26,26,0,80.8,4859.12,0,0.0,31451.47,33193.66
AAPL,3Y,2023-04-28,2026-03-20,10% OTM,60,Hold to Expiry,25.01,8.06,-20.75,12,8,4,75.0,3366.54,3,284.0,31451.47,39318.01
AAPL,3Y,2023-04-28,2026-03-20,10% OTM,60,Roll @50% Profit,3.84,1.32,-7.41,18,18,0,77.8,4372.02,0,0.0,31451.47,32658.31
AAPL,3Y,2023-04-28,2026-03-20,10% OTM,60,Roll @75% Profit,7.62,2.58,-2.73,14,14,0,92.9,3706.77,0,0.0,31451.47,33847.78
AAPL,3Y,2023-04-28,2026-03-20,10% OTM,60,Roll @7d Before,10.9,3.66,-1.65,21,21,0,85.7,4761.23,0,0.0,31451.47,34880.45
AAPL,5Y,2021-04-28,2026-03-20,ATM,30,Hold to Expiry,41.25,7.33,-19.27,40,14,26,85.0,18173.45,7,313.0,31451.47,44423.92
AAPL,5Y,2021-04-28,2026-03-20,ATM,30,Roll @50% Profit,14.9,2.89,-13.72,55,55,0,70.9,33422.23,0,0.0,31451.47,36136.75
AAPL,5Y,2021-04-28,2026-03-20,ATM,30,Roll @75% Profit,8.84,1.75,-8.66,43,43,0,67.4,25753.1,0,0.0,31451.47,34232.42
AAPL,5Y,2021-04-28,2026-03-20,ATM,30,Roll @7d Before,25.62,4.78,-13.72,61,61,0,73.8,38940.71,0,0.0,31451.47,39510.89
AAPL,5Y,2021-04-28,2026-03-20,ATM,45,Hold to Expiry,27.27,5.06,-19.82,27,14,13,77.8,14076.67,5,542.0,31451.47,40027.14
AAPL,5Y,2021-04-28,2026-03-20,ATM,45,Roll @50% Profit,17.59,3.38,-7.56,38,38,0,68.4,27379.22,0,0.0,31451.47,36983.18
AAPL,5Y,2021-04-28,2026-03-20,ATM,45,Roll @75% Profit,14.03,2.73,-8.74,30,30,0,70.0,21657.7,0,0.0,31451.47,35863.32
AAPL,5Y,2021-04-28,2026-03-20,ATM,45,Roll @7d Before,35.07,6.35,-7.42,40,40,0,80.0,31173.52,0,0.0,31451.47,42482.52
AAPL,5Y,2021-04-28,2026-03-20,ATM,60,Hold to Expiry,20.69,3.93,-20.98,21,12,9,76.2,11807.5,4,685.0,31451.47,37957.97
AAPL,5Y,2021-04-28,2026-03-20,ATM,60,Roll @50% Profit,18.6,3.56,-11.66,29,29,0,69.0,24269.79,0,0.0,31451.47,37302.86
AAPL,5Y,2021-04-28,2026-03-20,ATM,60,Roll @75% Profit,10.54,2.07,-8.31,23,23,0,73.9,18768.31,0,0.0,31451.47,34767.1
AAPL,5Y,2021-04-28,2026-03-20,ATM,60,Roll @7d Before,35.43,6.41,-5.97,31,31,0,74.2,29344.01,0,0.0,31451.47,42595.26
AAPL,5Y,2021-04-28,2026-03-20,3% OTM,30,Hold to Expiry,37.08,6.67,-14.99,40,23,17,87.5,13062.84,6,443.0,31451.47,43113.31
AAPL,5Y,2021-04-28,2026-03-20,3% OTM,30,Roll @50% Profit,10.12,1.99,-11.75,55,55,0,74.5,20221.37,0,0.0,31451.47,34634.37
AAPL,5Y,2021-04-28,2026-03-20,3% OTM,30,Roll @75% Profit,9.03,1.79,-7.04,43,43,0,74.4,15620.18,0,0.0,31451.47,34291.34
AAPL,5Y,2021-04-28,2026-03-20,3% OTM,30,Roll @7d Before,19.02,3.63,-11.75,61,61,0,77.0,23720.05,0,0.0,31451.47,37432.14
AAPL,5Y,2021-04-28,2026-03-20,3% OTM,45,Hold to Expiry,26.1,4.87,-19.26,27,15,12,74.1,10808.43,6,451.0,31451.47,39658.9
AAPL,5Y,2021-04-28,2026-03-20,3% OTM,45,Roll @50% Profit,13.58,2.64,-6.42,38,38,0,78.9,18193.84,0,0.0,31451.47,35721.93
AAPL,5Y,2021-04-28,2026-03-20,3% OTM,45,Roll @75% Profit,11.5,2.26,-7.36,30,30,0,80.0,14200.1,0,0.0,31451.47,35069.57
AAPL,5Y,2021-04-28,2026-03-20,3% OTM,45,Roll @7d Before,29.5,5.44,-5.8,40,40,0,80.0,20801.24,0,0.0,31451.47,40729.19
AAPL,5Y,2021-04-28,2026-03-20,3% OTM,60,Hold to Expiry,19.89,3.79,-22.18,21,12,9,76.2,9758.25,4,685.0,31451.47,37708.73
AAPL,5Y,2021-04-28,2026-03-20,3% OTM,60,Roll @50% Profit,15.42,2.98,-10.92,29,29,0,75.9,17188.01,0,0.0,31451.47,36301.57
AAPL,5Y,2021-04-28,2026-03-20,3% OTM,60,Roll @75% Profit,8.37,1.66,-7.53,23,23,0,78.3,12951.99,0,0.0,31451.47,34083.06
AAPL,5Y,2021-04-28,2026-03-20,3% OTM,60,Roll @7d Before,30.73,5.64,-4.96,31,31,0,74.2,20924.98,0,0.0,31451.47,41116.73
AAPL,5Y,2021-04-28,2026-03-20,5% OTM,30,Hold to Expiry,35.03,6.35,-14.7,40,26,14,95.0,9718.97,4,510.0,31451.47,42469.44
AAPL,5Y,2021-04-28,2026-03-20,5% OTM,30,Roll @50% Profit,7.64,1.52,-10.22,55,55,0,76.4,14207.54,0,0.0,31451.47,33853.89
AAPL,5Y,2021-04-28,2026-03-20,5% OTM,30,Roll @75% Profit,10.02,1.98,-5.88,43,43,0,81.4,10947.01,0,0.0,31451.47,34602.2
AAPL,5Y,2021-04-28,2026-03-20,5% OTM,30,Roll @7d Before,14.64,2.84,-10.22,61,61,0,78.7,16724.21,0,0.0,31451.47,36055.49
AAPL,5Y,2021-04-28,2026-03-20,5% OTM,45,Hold to Expiry,27.1,5.04,-18.5,27,16,11,81.5,8824.91,5,588.0,31451.47,39975.38
AAPL,5Y,2021-04-28,2026-03-20,5% OTM,45,Roll @50% Profit,11.06,2.17,-5.54,38,38,0,81.6,13477.07,0,0.0,31451.47,34930.13
AAPL,5Y,2021-04-28,2026-03-20,5% OTM,45,Roll @75% Profit,10.39,2.05,-6.5,30,30,0,80.0,10484.61,0,0.0,31451.47,34720.03
AAPL,5Y,2021-04-28,2026-03-20,5% OTM,45,Roll @7d Before,24.94,4.67,-4.37,40,40,0,82.5,15536.97,0,0.0,31451.47,39295.8
AAPL,5Y,2021-04-28,2026-03-20,5% OTM,60,Hold to Expiry,20.32,3.86,-22.47,21,12,9,76.2,8390.52,4,685.0,31451.47,37840.99
AAPL,5Y,2021-04-28,2026-03-20,5% OTM,60,Roll @50% Profit,12.36,2.42,-10.25,29,29,0,75.9,13396.63,0,0.0,31451.47,35339.03
AAPL,5Y,2021-04-28,2026-03-20,5% OTM,60,Roll @75% Profit,7.18,1.43,-6.83,23,23,0,78.3,9988.76,0,0.0,31451.47,33711.11
AAPL,5Y,2021-04-28,2026-03-20,5% OTM,60,Roll @7d Before,26.35,4.91,-4.15,31,31,0,74.2,16449.06,0,0.0,31451.47,39740.16
AAPL,5Y,2021-04-28,2026-03-20,10% OTM,30,Hold to Expiry,43.83,7.73,-15.94,40,19,21,95.0,4885.36,2,944.0,31451.47,45236.83
AAPL,5Y,2021-04-28,2026-03-20,10% OTM,30,Roll @50% Profit,3.11,0.63,-6.82,55,55,0,83.6,5224.88,0,0.0,31451.47,32430.71
AAPL,5Y,2021-04-28,2026-03-20,10% OTM,30,Roll @75% Profit,9.21,1.82,-2.15,43,43,0,90.7,4164.32,0,0.0,31451.47,34349.71
AAPL,5Y,2021-04-28,2026-03-20,10% OTM,30,Roll @7d Before,5.83,1.17,-6.82,61,61,0,85.2,6101.14,0,0.0,31451.47,33285.31
AAPL,5Y,2021-04-28,2026-03-20,10% OTM,45,Hold to Expiry,28.07,5.2,-7.81,27,21,6,85.2,5128.11,4,597.0,31451.47,40279.58
AAPL,5Y,2021-04-28,2026-03-20,10% OTM,45,Roll @50% Profit,6.46,1.29,-4.01,38,38,0,81.6,6059.59,0,0.0,31451.47,33483.99
AAPL,5Y,2021-04-28,2026-03-20,10% OTM,45,Roll @75% Profit,6.71,1.34,-4.2,30,30,0,86.7,4532.6,0,0.0,31451.47,33562.65
AAPL,5Y,2021-04-28,2026-03-20,10% OTM,45,Roll @7d Before,12.78,2.49,-1.57,40,40,0,87.5,6773.15,0,0.0,31451.47,35470.2
AAPL,5Y,2021-04-28,2026-03-20,10% OTM,60,Hold to Expiry,23.49,4.42,-19.51,21,14,7,81.0,4787.46,4,670.0,31451.47,38838.93
AAPL,5Y,2021-04-28,2026-03-20,10% OTM,60,Roll @50% Profit,5.1,1.02,-8.23,29,29,0,79.3,6705.5,0,0.0,31451.47,33055.03
AAPL,5Y,2021-04-28,2026-03-20,10% OTM,60,Roll @75% Profit,3.77,0.76,-5.21,23,23,0,87.0,4771.05,0,0.0,31451.47,32637.89
AAPL,5Y,2021-04-28,2026-03-20,10% OTM,60,Roll @7d Before,16.16,3.12,-2.14,31,31,0,80.6,8398.96,0,0.0,31451.47,36532.52
AMD,1Y,2025-05-02,2026-03-20,ATM,30,Hold to Expiry,2.91,3.31,-30.72,8,5,3,62.5,9613.51,2,138.0,29076.3,29922.81
AMD,1Y,2025-05-02,2026-03-20,ATM,30,Roll @50% Profit,20.12,23.14,-10.71,11,11,0,81.8,16584.73,0,0.0,29076.3,34927.48
AMD,1Y,2025-05-02,2026-03-20,ATM,30,Roll @75% Profit,22.06,25.39,-4.0,9,9,0,88.9,12723.11,0,0.0,29076.3,35490.96
AMD,1Y,2025-05-02,2026-03-20,ATM,30,Roll @7d Before,44.74,52.15,-10.71,17,17,0,88.2,28199.44,0,0.0,29076.3,42084.37
AMD,1Y,2025-05-02,2026-03-20,ATM,45,Hold to Expiry,10.85,12.4,-8.99,5,5,0,80.0,8221.68,0,0.0,29076.3,32230.98
AMD,1Y,2025-05-02,2026-03-20,ATM,45,Roll @50% Profit,28.81,33.3,-0.43,9,9,0,88.9,16457.54,0,0.0,29076.3,37453.8
AMD,1Y,2025-05-02,2026-03-20,ATM,45,Roll @75% Profit,16.32,18.72,-5.12,6,6,0,83.3,10857.86,0,0.0,29076.3,33820.26
AMD,1Y,2025-05-02,2026-03-20,ATM,45,Roll @7d Before,62.13,73.08,-0.99,13,13,0,92.3,27779.73,0,0.0,29076.3,47142.65
AMD,1Y,2025-05-02,2026-03-20,ATM,60,Hold to Expiry,11.53,13.18,-19.14,4,3,1,100.0,9218.97,0,0.0,29076.3,32428.27
AMD,1Y,2025-05-02,2026-03-20,ATM,60,Roll @50% Profit,30.46,35.24,-10.19,7,7,0,85.7,15985.56,0,0.0,29076.3,37934.22
AMD,1Y,2025-05-02,2026-03-20,ATM,60,Roll @75% Profit,22.56,25.97,0.0,5,5,0,100.0,11002.17,0,0.0,29076.3,35635.12
AMD,1Y,2025-05-02,2026-03-20,ATM,60,Roll @7d Before,74.32,87.92,0.0,12,12,0,100.0,28083.28,0,0.0,29076.3,50687.22
AMD,1Y,2025-05-02,2026-03-20,3% OTM,30,Hold to Expiry,4.85,5.52,-29.57,8,5,3,75.0,8376.65,2,138.0,29076.3,30485.95
AMD,1Y,2025-05-02,2026-03-20,3% OTM,30,Roll @50% Profit,17.76,20.39,-9.83,11,11,0,81.8,13525.7,0,0.0,29076.3,34240.46
AMD,1Y,2025-05-02,2026-03-20,3% OTM,30,Roll @75% Profit,23.53,27.11,-3.01,9,9,0,88.9,10236.57,0,0.0,29076.3,35917.44
AMD,1Y,2025-05-02,2026-03-20,3% OTM,30,Roll @7d Before,41.98,48.86,-9.83,17,17,0,88.2,23330.6,0,0.0,29076.3,41282.02
AMD,1Y,2025-05-02,2026-03-20,3% OTM,45,Hold to Expiry,8.89,10.15,-8.07,5,5,0,80.0,6852.0,0,0.0,29076.3,31661.3
AMD,1Y,2025-05-02,2026-03-20,3% OTM,45,Roll @50% Profit,28.16,32.53,-0.34,9,9,0,88.9,13984.13,0,0.0,29076.3,37265.23
AMD,1Y,2025-05-02,2026-03-20,3% OTM,45,Roll @75% Profit,14.68,16.82,-4.22,6,6,0,83.3,9302.05,0,0.0,29076.3,33343.57
AMD,1Y,2025-05-02,2026-03-20,3% OTM,45,Roll @7d Before,59.49,69.87,-0.43,13,13,0,92.3,23840.41,0,0.0,29076.3,46372.85
AMD,1Y,2025-05-02,2026-03-20,3% OTM,60,Hold to Expiry,12.15,13.9,-7.07,4,4,0,75.0,7799.76,0,0.0,29076.3,32609.06
AMD,1Y,2025-05-02,2026-03-20,3% OTM,60,Roll @50% Profit,27.83,32.15,-9.35,7,7,0,85.7,13976.45,0,0.0,29076.3,37168.94
AMD,1Y,2025-05-02,2026-03-20,3% OTM,60,Roll @75% Profit,21.76,25.05,0.0,5,5,0,100.0,9525.19,0,0.0,29076.3,35403.87
AMD,1Y,2025-05-02,2026-03-20,3% OTM,60,Roll @7d Before,70.42,83.15,0.0,12,12,0,100.0,24569.93,0,0.0,29076.3,49551.85
AMD,1Y,2025-05-02,2026-03-20,5% OTM,30,Hold to Expiry,7.07,8.07,-28.44,8,5,3,75.0,7623.85,2,138.0,29076.3,31133.15
AMD,1Y,2025-05-02,2026-03-20,5% OTM,30,Roll @50% Profit,16.2,18.58,-9.2,11,11,0,81.8,11682.66,0,0.0,29076.3,33785.55
AMD,1Y,2025-05-02,2026-03-20,5% OTM,30,Roll @75% Profit,22.62,26.05,-2.45,9,9,0,88.9,8825.08,0,0.0,29076.3,35653.15
AMD,1Y,2025-05-02,2026-03-20,5% OTM,30,Roll @7d Before,38.87,45.17,-9.2,17,17,0,88.2,20344.57,0,0.0,29076.3,40378.21
AMD,1Y,2025-05-02,2026-03-20,5% OTM,45,Hold to Expiry,7.91,9.03,-7.37,5,5,0,80.0,6067.15,0,0.0,29076.3,31376.45
AMD,1Y,2025-05-02,2026-03-20,5% OTM,45,Roll @50% Profit,26.61,30.71,-0.29,9,9,0,88.9,12385.71,0,0.0,29076.3,36812.81
AMD,1Y,2025-05-02,2026-03-20,5% OTM,45,Roll @75% Profit,13.63,15.61,-3.5,6,6,0,83.3,8261.1,0,0.0,29076.3,33040.29
AMD,1Y,2025-05-02,2026-03-20,5% OTM,45,Roll @7d Before,56.38,66.12,-0.14,13,13,0,92.3,21533.19,0,0.0,29076.3,45468.32
AMD,1Y,2025-05-02,2026-03-20,5% OTM,60,Hold to Expiry,11.22,12.83,-6.39,4,4,0,75.0,7028.38,0,0.0,29076.3,32337.68
AMD,1Y,2025-05-02,2026-03-20,5% OTM,60,Roll @50% Profit,25.9,29.88,-8.78,7,7,0,85.7,12688.49,0,0.0,29076.3,36606.73
AMD,1Y,2025-05-02,2026-03-20,5% OTM,60,Roll @75% Profit,21.12,24.3,0.0,5,5,0,100.0,8689.7,0,0.0,29076.3,35217.55
AMD,1Y,2025-05-02,2026-03-20,5% OTM,60,Roll @7d Before,66.28,78.11,0.0,12,12,0,100.0,22327.45,0,0.0,29076.3,48348.11
AMD,1Y,2025-05-02,2026-03-20,10% OTM,30,Hold to Expiry,8.74,9.98,-13.8,8,6,2,75.0,5709.24,1,185.0,29076.3,31618.54
AMD,1Y,2025-05-02,2026-03-20,10% OTM,30,Roll @50% Profit,12.54,14.35,-7.45,11,11,0,90.9,7877.89,0,0.0,29076.3,32723.11
AMD,1Y,2025-05-02,2026-03-20,10% OTM,30,Roll @75% Profit,18.21,20.92,-0.55,9,9,0,88.9,5887.16,0,0.0,29076.3,34372.35
AMD,1Y,2025-05-02,2026-03-20,10% OTM,30,Roll @7d Before,30.67,35.48,-7.45,17,17,0,94.1,14039.08,0,0.0,29076.3,37994.67
AMD,1Y,2025-05-02,2026-03-20,10% OTM,45,Hold to Expiry,5.96,6.8,-5.34,5,5,0,80.0,4300.82,0,0.0,29076.3,30810.12
AMD,1Y,2025-05-02,2026-03-20,10% OTM,45,Roll @50% Profit,22.92,26.4,-0.16,9,9,0,88.9,9084.97,0,0.0,29076.3,35741.43
AMD,1Y,2025-05-02,2026-03-20,10% OTM,45,Roll @75% Profit,11.47,13.11,-1.38,6,6,0,83.3,6062.04,0,0.0,29076.3,32410.38
AMD,1Y,2025-05-02,2026-03-20,10% OTM,45,Roll @7d Before,47.06,54.93,0.0,13,13,0,100.0,16080.74,0,0.0,29076.3,42759.94
AMD,1Y,2025-05-02,2026-03-20,10% OTM,60,Hold to Expiry,9.9,11.31,-4.25,4,4,0,75.0,5345.69,0,0.0,29076.3,31954.99
AMD,1Y,2025-05-02,2026-03-20,10% OTM,60,Roll @50% Profit,21.21,24.41,-7.27,7,7,0,85.7,9861.89,0,0.0,29076.3,35244.49
AMD,1Y,2025-05-02,2026-03-20,10% OTM,60,Roll @75% Profit,19.62,22.55,0.0,5,5,0,100.0,6705.36,0,0.0,29076.3,34781.04
AMD,1Y,2025-05-02,2026-03-20,10% OTM,60,Roll @7d Before,55.07,64.55,0.0,12,12,0,100.0,17307.0,0,0.0,29076.3,45089.86
AMD,3Y,2023-04-28,2026-03-20,ATM,30,Hold to Expiry,23.25,7.52,-30.24,24,7,17,87.5,14126.42,3,423.0,29076.3,35835.72
AMD,3Y,2023-04-28,2026-03-20,ATM,30,Roll @50% Profit,13.37,4.45,-14.74,33,33,0,66.7,33791.07,0,0.0,29076.3,32962.86
AMD,3Y,2023-04-28,2026-03-20,ATM,30,Roll @75% Profit,17.23,5.67,-15.81,26,26,0,73.1,26092.31,0,0.0,29076.3,34085.67
AMD,3Y,2023-04-28,2026-03-20,ATM,30,Roll @7d Before,38.15,11.87,-14.74,39,39,0,71.8,45405.77,0,0.0,29076.3,40167.75
AMD,3Y,2023-04-28,2026-03-20,ATM,45,Hold to Expiry,22.21,7.21,-21.1,16,10,6,81.2,15025.21,3,290.0,29076.3,35534.51
AMD,3Y,2023-04-28,2026-03-20,ATM,45,Roll @50% Profit,41.47,12.8,-6.25,23,23,0,73.9,29123.31,0,0.0,29076.3,41134.04
AMD,3Y,2023-04-28,2026-03-20,ATM,45,Roll @75% Profit,8.5,2.87,-18.51,18,18,0,72.2,22278.09,0,0.0,29076.3,31547.19
AMD,3Y,2023-04-28,2026-03-20,ATM,45,Roll @7d Before,51.31,15.46,-14.75,26,26,0,80.8,37091.11,0,0.0,29076.3,43995.73
AMD,3Y,2023-04-28,2026-03-20,ATM,60,Hold to Expiry,23.23,7.52,-27.5,12,7,5,83.3,11421.1,3,284.0,29076.3,35830.4
AMD,3Y,2023-04-28,2026-03-20,ATM,60,Roll @50% Profit,26.24,8.42,-13.32,18,18,0,66.7,28308.73,0,0.0,29076.3,36706.36
AMD,3Y,2023-04-28,2026-03-20,ATM,60,Roll @75% Profit,25.82,8.3,-8.08,14,14,0,71.4,21144.16,0,0.0,29076.3,36584.51
AMD,3Y,2023-04-28,2026-03-20,ATM,60,Roll @7d Before,53.89,16.14,-13.73,21,21,0,71.4,38026.61,0,0.0,29076.3,44744.74
AMD,3Y,2023-04-28,2026-03-20,3% OTM,30,Hold to Expiry,26.74,8.57,-29.89,24,7,17,87.5,12542.51,3,423.0,29076.3,36851.81
AMD,3Y,2023-04-28,2026-03-20,3% OTM,30,Roll @50% Profit,10.22,3.43,-13.65,33,33,0,69.7,26708.41,0,0.0,29076.3,32046.95
AMD,3Y,2023-04-28,2026-03-20,3% OTM,30,Roll @75% Profit,16.54,5.46,-13.87,26,26,0,73.1,20537.87,0,0.0,29076.3,33886.23
AMD,3Y,2023-04-28,2026-03-20,3% OTM,30,Roll @7d Before,34.54,10.85,-13.65,39,39,0,74.4,36513.32,0,0.0,29076.3,39120.03
AMD,3Y,2023-04-28,2026-03-20,3% OTM,45,Hold to Expiry,20.59,6.71,-20.88,16,10,6,87.5,12652.52,3,290.0,29076.3,35061.82
AMD,3Y,2023-04-28,2026-03-20,3% OTM,45,Roll @50% Profit,38.2,11.89,-4.99,23,23,0,73.9,23824.99,0,0.0,29076.3,40184.57
AMD,3Y,2023-04-28,2026-03-20,3% OTM,45,Roll @75% Profit,6.76,2.3,-16.28,18,18,0,72.2,18134.7,0,0.0,29076.3,31042.89
AMD,3Y,2023-04-28,2026-03-20,3% OTM,45,Roll @7d Before,49.15,14.89,-12.84,26,26,0,80.8,30984.83,0,0.0,29076.3,43366.57
AMD,3Y,2023-04-28,2026-03-20,3% OTM,60,Hold to Expiry,24.87,8.01,-25.94,12,7,5,83.3,9897.89,3,284.0,29076.3,36307.18
AMD,3Y,2023-04-28,2026-03-20,3% OTM,60,Roll @50% Profit,25.47,8.19,-11.63,18,18,0,66.7,23991.51,0,0.0,29076.3,36482.55
AMD,3Y,2023-04-28,2026-03-20,3% OTM,60,Roll @75% Profit,25.45,8.19,-7.03,14,14,0,78.6,17987.09,0,0.0,29076.3,36476.84
AMD,3Y,2023-04-28,2026-03-20,3% OTM,60,Roll @7d Before,52.36,15.74,-11.51,21,21,0,71.4,32694.89,0,0.0,29076.3,44302.06
AMD,3Y,2023-04-28,2026-03-20,5% OTM,30,Hold to Expiry,29.53,9.4,-29.58,24,7,17,91.7,11553.85,3,423.0,29076.3,37663.15
AMD,3Y,2023-04-28,2026-03-20,5% OTM,30,Roll @50% Profit,8.89,3.0,-12.23,33,33,0,69.7,22438.3,0,0.0,29076.3,31661.94
AMD,3Y,2023-04-28,2026-03-20,5% OTM,30,Roll @75% Profit,14.39,4.78,-12.43,26,26,0,73.1,17268.1,0,0.0,29076.3,33260.82
AMD,3Y,2023-04-28,2026-03-20,5% OTM,30,Roll @7d Before,31.63,10.01,-12.23,39,39,0,74.4,31100.22,0,0.0,29076.3,38274.03
AMD,3Y,2023-04-28,2026-03-20,5% OTM,45,Hold to Expiry,19.82,6.48,-21.0,16,10,6,87.5,11128.73,3,290.0,29076.3,34838.03
AMD,3Y,2023-04-28,2026-03-20,5% OTM,45,Roll @50% Profit,35.62,11.15,-4.31,23,23,0,73.9,20843.57,0,0.0,29076.3,39432.09
AMD,3Y,2023-04-28,2026-03-20,5% OTM,45,Roll @75% Profit,5.43,1.85,-14.94,18,18,0,72.2,15757.37,0,0.0,29076.3,30654.2
AMD,3Y,2023-04-28,2026-03-20,5% OTM,45,Roll @7d Before,45.73,13.97,-11.72,26,26,0,80.8,27172.43,0,0.0,29076.3,42373.67
AMD,3Y,2023-04-28,2026-03-20,5% OTM,60,Hold to Expiry,26.74,8.57,-24.46,12,7,5,91.7,8740.62,3,284.0,29076.3,36849.92
AMD,3Y,2023-04-28,2026-03-20,5% OTM,60,Roll @50% Profit,24.29,7.84,-10.78,18,18,0,66.7,21434.64,0,0.0,29076.3,36138.6
AMD,3Y,2023-04-28,2026-03-20,5% OTM,60,Roll @75% Profit,25.15,8.1,-6.31,14,14,0,78.6,15893.1,0,0.0,29076.3,36389.5
AMD,3Y,2023-04-28,2026-03-20,5% OTM,60,Roll @7d Before,50.17,15.16,-9.68,21,21,0,71.4,29170.97,0,0.0,29076.3,43664.36
AMD,3Y,2023-04-28,2026-03-20,10% OTM,30,Hold to Expiry,25.65,8.25,-29.47,24,8,16,91.7,8825.9,2,371.0,29076.3,36535.2
AMD,3Y,2023-04-28,2026-03-20,10% OTM,30,Roll @50% Profit,6.71,2.28,-9.11,33,33,0,69.7,14016.48,0,0.0,29076.3,31026.52
AMD,3Y,2023-04-28,2026-03-20,10% OTM,30,Roll @75% Profit,12.41,4.14,-7.65,26,26,0,80.8,10829.97,0,0.0,29076.3,32685.28
AMD,3Y,2023-04-28,2026-03-20,10% OTM,30,Roll @7d Before,24.82,8.0,-9.11,39,39,0,74.4,20177.67,0,0.0,29076.3,36293.39
AMD,3Y,2023-04-28,2026-03-20,10% OTM,45,Hold to Expiry,18.38,6.03,-20.96,16,12,4,81.2,7911.83,2,436.0,29076.3,34421.13
AMD,3Y,2023-04-28,2026-03-20,10% OTM,45,Roll @50% Profit,29.0,9.24,-2.51,23,23,0,73.9,14275.61,0,0.0,29076.3,37507.55
AMD,3Y,2023-04-28,2026-03-20,10% OTM,45,Roll @75% Profit,4.09,1.4,-10.63,18,18,0,77.8,10646.5,0,0.0,29076.3,30266.44
AMD,3Y,2023-04-28,2026-03-20,10% OTM,45,Roll @7d Before,37.88,11.79,-8.06,26,26,0,80.8,19159.04,0,0.0,29076.3,40089.1
AMD,3Y,2023-04-28,2026-03-20,10% OTM,60,Hold to Expiry,21.21,6.9,-20.2,12,9,3,91.7,6066.61,1,609.0,29076.3,35242.91
AMD,3Y,2023-04-28,2026-03-20,10% OTM,60,Roll @50% Profit,22.16,7.19,-8.21,18,18,0,72.2,15874.6,0,0.0,29076.3,35519.56
AMD,3Y,2023-04-28,2026-03-20,10% OTM,60,Roll @75% Profit,22.43,7.28,-4.46,14,14,0,78.6,11577.22,0,0.0,29076.3,35597.28
AMD,3Y,2023-04-28,2026-03-20,10% OTM,60,Roll @7d Before,44.63,13.67,-5.44,21,21,0,71.4,21784.33,0,0.0,29076.3,42053.08
AMD,5Y,2021-04-28,2026-03-20,ATM,30,Hold to Expiry,49.71,8.62,-22.98,40,11,29,95.0,20220.03,4,588.0,29076.3,43529.33
AMD,5Y,2021-04-28,2026-03-20,ATM,30,Roll @50% Profit,11.87,2.32,-18.43,55,55,0,67.3,48442.27,0,0.0,29076.3,32527.71
AMD,5Y,2021-04-28,2026-03-20,ATM,30,Roll @75% Profit,11.51,2.26,-13.21,43,43,0,72.1,37850.24,0,0.0,29076.3,32423.56
AMD,5Y,2021-04-28,2026-03-20,ATM,30,Roll @7d Before,35.4,6.41,-18.43,61,61,0,70.5,60027.02,0,0.0,29076.3,39368.15
AMD,5Y,2021-04-28,2026-03-20,ATM,45,Hold to Expiry,37.09,6.68,-21.19,27,8,19,92.6,17851.46,2,896.0,29076.3,39860.76
AMD,5Y,2021-04-28,2026-03-20,ATM,45,Roll @50% Profit,21.63,4.09,-12.24,38,38,0,65.8,42501.34,0,0.0,29076.3,35364.69
AMD,5Y,2021-04-28,2026-03-20,ATM,45,Roll @75% Profit,24.62,4.61,-15.47,30,30,0,70.0,32207.51,0,0.0,29076.3,36235.28
AMD,5Y,2021-04-28,2026-03-20,ATM,45,Roll @7d Before,49.6,8.6,-14.45,40,40,0,77.5,51429.34,0,0.0,29076.3,43498.34
AMD,5Y,2021-04-28,2026-03-20,ATM,60,Hold to Expiry,42.16,7.47,-21.94,21,7,14,90.5,17425.93,2,884.0,29076.3,41335.22
AMD,5Y,2021-04-28,2026-03-20,ATM,60,Roll @50% Profit,20.47,3.89,-17.95,29,29,0,69.0,37919.89,0,0.0,29076.3,35029.29
AMD,5Y,2021-04-28,2026-03-20,ATM,60,Roll @75% Profit,29.45,5.43,-9.2,23,23,0,73.9,29048.12,0,0.0,29076.3,37640.62
AMD,5Y,2021-04-28,2026-03-20,ATM,60,Roll @7d Before,76.26,12.31,-10.46,31,31,0,77.4,47658.93,0,0.0,29076.3,51249.36
AMD,5Y,2021-04-28,2026-03-20,3% OTM,30,Hold to Expiry,52.05,8.96,-21.3,40,14,26,92.5,17501.73,4,813.0,29076.3,44211.03
AMD,5Y,2021-04-28,2026-03-20,3% OTM,30,Roll @50% Profit,9.87,1.95,-16.64,55,55,0,70.9,37961.63,0,0.0,29076.3,31946.0
AMD,5Y,2021-04-28,2026-03-20,3% OTM,30,Roll @75% Profit,12.18,2.38,-11.58,43,43,0,74.4,29712.37,0,0.0,29076.3,32618.85
AMD,5Y,2021-04-28,2026-03-20,3% OTM,30,Roll @7d Before,33.35,6.07,-16.64,61,61,0,73.8,47736.28,0,0.0,29076.3,38772.28
AMD,5Y,2021-04-28,2026-03-20,3% OTM,45,Hold to Expiry,36.34,6.56,-21.32,27,8,19,92.6,16232.69,2,896.0,29076.3,39641.99
AMD,5Y,2021-04-28,2026-03-20,3% OTM,45,Roll @50% Profit,20.15,3.83,-10.25,38,38,0,65.8,34923.47,0,0.0,29076.3,34935.15
AMD,5Y,2021-04-28,2026-03-20,3% OTM,45,Roll @75% Profit,23.77,4.47,-13.73,30,30,0,73.3,26458.87,0,0.0,29076.3,35988.13
AMD,5Y,2021-04-28,2026-03-20,3% OTM,45,Roll @7d Before,48.2,8.39,-13.04,40,40,0,77.5,42856.91,0,0.0,29076.3,43092.1
AMD,5Y,2021-04-28,2026-03-20,3% OTM,60,Hold to Expiry,39.32,7.03,-22.64,21,8,13,90.5,15499.65,2,853.0,29076.3,40508.94
AMD,5Y,2021-04-28,2026-03-20,3% OTM,60,Roll @50% Profit,19.34,3.69,-15.9,29,29,0,69.0,32028.29,0,0.0,29076.3,34700.67
AMD,5Y,2021-04-28,2026-03-20,3% OTM,60,Roll @75% Profit,28.25,5.23,-8.07,23,23,0,73.9,24483.75,0,0.0,29076.3,37289.13
AMD,5Y,2021-04-28,2026-03-20,3% OTM,60,Roll @7d Before,72.79,11.86,-10.05,31,31,0,80.6,40686.34,0,0.0,29076.3,50240.16
AMD,5Y,2021-04-28,2026-03-20,5% OTM,30,Hold to Expiry,46.29,8.11,-20.98,40,16,24,92.5,15625.8,3,846.0,29076.3,42535.1
AMD,5Y,2021-04-28,2026-03-20,5% OTM,30,Roll @50% Profit,8.77,1.74,-15.28,55,55,0,70.9,31975.76,0,0.0,29076.3,31627.06
AMD,5Y,2021-04-28,2026-03-20,5% OTM,30,Roll @75% Profit,12.29,2.4,-10.38,43,43,0,76.7,25064.63,0,0.0,29076.3,32651.15
AMD,5Y,2021-04-28,2026-03-20,5% OTM,30,Roll @7d Before,30.93,5.68,-15.28,61,61,0,73.8,40607.52,0,0.0,29076.3,38069.7
AMD,5Y,2021-04-28,2026-03-20,5% OTM,45,Hold to Expiry,35.83,6.48,-22.23,27,8,19,96.3,14886.27,2,896.0,29076.3,39495.57
AMD,5Y,2021-04-28,2026-03-20,5% OTM,45,Roll @50% Profit,19.53,3.72,-9.46,38,38,0,71.1,30495.14,0,0.0,29076.3,34755.78
AMD,5Y,2021-04-28,2026-03-20,5% OTM,45,Roll @75% Profit,22.25,4.2,-12.37,30,30,0,73.3,22991.27,0,0.0,29076.3,35544.62
AMD,5Y,2021-04-28,2026-03-20,5% OTM,45,Roll @7d Before,46.03,8.07,-12.26,40,40,0,77.5,37739.34,0,0.0,29076.3,42460.53
AMD,5Y,2021-04-28,2026-03-20,5% OTM,60,Hold to Expiry,37.37,6.72,-23.38,21,9,12,95.2,14133.68,3,711.0,29076.3,39942.97
AMD,5Y,2021-04-28,2026-03-20,5% OTM,60,Roll @50% Profit,18.3,3.5,-14.58,29,29,0,69.0,28596.24,0,0.0,29076.3,34397.54
AMD,5Y,2021-04-28,2026-03-20,5% OTM,60,Roll @75% Profit,27.76,5.15,-7.12,23,23,0,73.9,21735.86,0,0.0,29076.3,37147.22
AMD,5Y,2021-04-28,2026-03-20,5% OTM,60,Roll @7d Before,69.69,11.44,-9.7,31,31,0,80.6,36566.03,0,0.0,29076.3,49339.0
AMD,5Y,2021-04-28,2026-03-20,10% OTM,30,Hold to Expiry,42.73,7.56,-20.39,40,17,23,92.5,11325.6,3,846.0,29076.3,41501.89
AMD,5Y,2021-04-28,2026-03-20,10% OTM,30,Roll @50% Profit,6.27,1.25,-12.44,55,55,0,76.4,19925.25,0,0.0,29076.3,30899.68
AMD,5Y,2021-04-28,2026-03-20,10% OTM,30,Roll @75% Profit,10.93,2.15,-8.06,43,43,0,81.4,15439.0,0,0.0,29076.3,32254.45
AMD,5Y,2021-04-28,2026-03-20,10% OTM,30,Roll @7d Before,24.26,4.55,-12.44,61,61,0,78.7,26057.43,0,0.0,29076.3,36130.52
AMD,5Y,2021-04-28,2026-03-20,10% OTM,45,Hold to Expiry,33.32,6.07,-16.95,27,17,10,88.9,12456.43,3,781.0,29076.3,38765.73
AMD,5Y,2021-04-28,2026-03-20,10% OTM,45,Roll @50% Profit,17.86,3.42,-7.58,38,38,0,76.3,20883.94,0,0.0,29076.3,34270.43
AMD,5Y,2021-04-28,2026-03-20,10% OTM,45,Roll @75% Profit,19.74,3.76,-8.07,30,30,0,76.7,15615.03,0,0.0,29076.3,34816.11
AMD,5Y,2021-04-28,2026-03-20,10% OTM,45,Roll @7d Before,39.7,7.09,-10.02,40,40,0,77.5,26835.35,0,0.0,29076.3,40618.69
AMD,5Y,2021-04-28,2026-03-20,10% OTM,60,Hold to Expiry,37.29,6.71,-16.56,21,11,10,90.5,11108.38,3,711.0,29076.3,39917.67
AMD,5Y,2021-04-28,2026-03-20,10% OTM,60,Roll @50% Profit,16.3,3.14,-11.24,29,29,0,72.4,20872.39,0,0.0,29076.3,33814.8
AMD,5Y,2021-04-28,2026-03-20,10% OTM,60,Roll @75% Profit,25.51,4.77,-5.04,23,23,0,78.3,15794.89,0,0.0,29076.3,36493.74
AMD,5Y,2021-04-28,2026-03-20,10% OTM,60,Roll @7d Before,59.16,9.99,-8.77,31,31,0,87.1,27282.86,0,0.0,29076.3,46278.13
JPM,1Y,2025-05-02,2026-03-20,ATM,30,Hold to Expiry,9.15,10.45,-9.32,8,5,3,87.5,6611.32,1,154.0,36807.1,40174.42
JPM,1Y,2025-05-02,2026-03-20,ATM,30,Roll @50% Profit,11.13,12.73,-2.52,11,11,0,72.7,9650.63,0,0.0,36807.1,40903.6
JPM,1Y,2025-05-02,2026-03-20,ATM,30,Roll @75% Profit,9.69,11.07,-4.01,9,9,0,88.9,7869.16,0,0.0,36807.1,40373.26
JPM,1Y,2025-05-02,2026-03-20,ATM,30,Roll @7d Before,20.85,23.98,-2.52,17,17,0,82.4,15394.78,0,0.0,36807.1,44481.27
JPM,1Y,2025-05-02,2026-03-20,ATM,45,Hold to Expiry,9.54,10.9,-8.56,5,4,1,80.0,5656.09,1,183.0,36807.1,40319.19
JPM,1Y,2025-05-02,2026-03-20,ATM,45,Roll @50% Profit,9.62,10.99,-5.42,9,9,0,66.7,9921.17,0,0.0,36807.1,40348.17
JPM,1Y,2025-05-02,2026-03-20,ATM,45,Roll @75% Profit,4.92,5.61,-8.34,6,6,0,83.3,6596.73,0,0.0,36807.1,38619.77
JPM,1Y,2025-05-02,2026-03-20,ATM,45,Roll @7d Before,22.73,26.18,-4.27,13,13,0,92.3,14326.48,0,0.0,36807.1,45174.27
JPM,1Y,2025-05-02,2026-03-20,ATM,60,Hold to Expiry,10.29,11.76,-9.26,4,3,1,100.0,5432.94,0,0.0,36807.1,40596.04
JPM,1Y,2025-05-02,2026-03-20,ATM,60,Roll @50% Profit,16.11,18.48,-0.02,7,7,0,85.7,9349.89,0,0.0,36807.1,42737.43
JPM,1Y,2025-05-02,2026-03-20,ATM,60,Roll @75% Profit,7.37,8.4,-6.24,5,5,0,80.0,6777.63,0,0.0,36807.1,39517.95
JPM,1Y,2025-05-02,2026-03-20,ATM,60,Roll @7d Before,28.71,33.17,-1.85,12,12,0,91.7,15889.46,0,0.0,36807.1,47374.04
JPM,1Y,2025-05-02,2026-03-20,3% OTM,30,Hold to Expiry,5.39,6.14,-9.58,8,6,2,87.5,4126.4,0,0.0,36807.1,38789.49
JPM,1Y,2025-05-02,2026-03-20,3% OTM,30,Roll @50% Profit,8.69,9.92,-1.4,11,11,0,81.8,5619.18,0,0.0,36807.1,40004.38
JPM,1Y,2025-05-02,2026-03-20,3% OTM,30,Roll @75% Profit,7.07,8.06,-2.86,9,9,0,88.9,4577.86,0,0.0,36807.1,39408.39
JPM,1Y,2025-05-02,2026-03-20,3% OTM,30,Roll @7d Before,16.51,18.94,-1.4,17,17,0,88.2,9118.77,0,0.0,36807.1,42882.68
JPM,1Y,2025-05-02,2026-03-20,3% OTM,45,Hold to Expiry,8.56,9.78,0.0,5,5,0,100.0,3595.98,0,0.0,36807.1,39959.07
JPM,1Y,2025-05-02,2026-03-20,3% OTM,45,Roll @50% Profit,7.57,8.64,-3.66,9,9,0,77.8,6497.66,0,0.0,36807.1,39593.28
JPM,1Y,2025-05-02,2026-03-20,3% OTM,45,Roll @75% Profit,1.68,1.91,-7.21,6,6,0,83.3,4325.72,0,0.0,36807.1,37425.38
JPM,1Y,2025-05-02,2026-03-20,3% OTM,45,Roll @7d Before,17.94,20.6,-3.19,13,13,0,92.3,9432.7,0,0.0,36807.1,43410.96
JPM,1Y,2025-05-02,2026-03-20,3% OTM,60,Hold to Expiry,8.6,9.82,0.0,4,4,0,100.0,3708.75,0,0.0,36807.1,39971.85
JPM,1Y,2025-05-02,2026-03-20,3% OTM,60,Roll @50% Profit,13.57,15.54,0.0,7,7,0,100.0,6632.87,0,0.0,36807.1,41801.05
JPM,1Y,2025-05-02,2026-03-20,3% OTM,60,Roll @75% Profit,4.85,5.52,-5.02,5,5,0,80.0,4785.92,0,0.0,36807.1,38590.69
JPM,1Y,2025-05-02,2026-03-20,3% OTM,60,Roll @7d Before,24.66,28.43,-0.76,12,12,0,91.7,11203.63,0,0.0,36807.1,45884.5
JPM,1Y,2025-05-02,2026-03-20,5% OTM,30,Hold to Expiry,4.26,4.85,-9.64,8,6,2,100.0,3013.43,0,0.0,36807.1,38376.52
JPM,1Y,2025-05-02,2026-03-20,5% OTM,30,Roll @50% Profit,7.07,8.07,-0.75,11,11,0,90.9,3838.57,0,0.0,36807.1,39410.6
JPM,1Y,2025-05-02,2026-03-20,5% OTM,30,Roll @75% Profit,5.6,6.38,-1.7,9,9,0,88.9,3155.74,0,0.0,36807.1,38866.92
JPM,1Y,2025-05-02,2026-03-20,5% OTM,30,Roll @7d Before,12.79,14.64,-0.75,17,17,0,94.1,6243.6,0,0.0,36807.1,41514.25
JPM,1Y,2025-05-02,2026-03-20,5% OTM,45,Hold to Expiry,7.34,8.37,0.0,5,5,0,100.0,2700.68,0,0.0,36807.1,39507.77
JPM,1Y,2025-05-02,2026-03-20,5% OTM,45,Roll @50% Profit,6.58,7.5,-2.83,9,9,0,77.8,4870.27,0,0.0,36807.1,39227.97
JPM,1Y,2025-05-02,2026-03-20,5% OTM,45,Roll @75% Profit,0.65,0.73,-6.16,6,6,0,83.3,3244.95,0,0.0,36807.1,37044.76
JPM,1Y,2025-05-02,2026-03-20,5% OTM,45,Roll @7d Before,14.35,16.44,-2.24,13,13,0,92.3,6986.68,0,0.0,36807.1,42089.09
JPM,1Y,2025-05-02,2026-03-20,5% OTM,60,Hold to Expiry,8.0,9.13,0.0,4,4,0,100.0,2945.85,0,0.0,36807.1,39752.95
JPM,1Y,2025-05-02,2026-03-20,5% OTM,60,Roll @50% Profit,11.48,13.13,0.0,7,7,0,100.0,5201.78,0,0.0,36807.1,41032.18
JPM,1Y,2025-05-02,2026-03-20,5% OTM,60,Roll @75% Profit,3.88,4.42,-4.12,5,5,0,80.0,3832.62,0,0.0,36807.1,38236.68
JPM,1Y,2025-05-02,2026-03-20,5% OTM,60,Roll @7d Before,20.72,23.84,-0.17,12,12,0,91.7,8781.72,0,0.0,36807.1,44434.75
JPM,1Y,2025-05-02,2026-03-20,10% OTM,30,Hold to Expiry,2.69,3.06,0.0,8,8,0,100.0,988.87,0,0.0,36807.1,37795.96
JPM,1Y,2025-05-02,2026-03-20,10% OTM,30,Roll @50% Profit,3.11,3.54,0.0,11,11,0,100.0,1251.63,0,0.0,36807.1,37951.88
JPM,1Y,2025-05-02,2026-03-20,10% OTM,30,Roll @75% Profit,2.85,3.24,0.0,9,9,0,100.0,1101.98,0,0.0,36807.1,37856.82
JPM,1Y,2025-05-02,2026-03-20,10% OTM,30,Roll @7d Before,5.09,5.8,0.0,17,17,0,100.0,2016.26,0,0.0,36807.1,38682.19
JPM,1Y,2025-05-02,2026-03-20,10% OTM,45,Hold to Expiry,3.28,3.73,0.0,5,5,0,100.0,1208.33,0,0.0,36807.1,38015.43
JPM,1Y,2025-05-02,2026-03-20,10% OTM,45,Roll @50% Profit,3.84,4.37,-1.07,9,9,0,77.8,2089.91,0,0.0,36807.1,38221.87
JPM,1Y,2025-05-02,2026-03-20,10% OTM,45,Roll @75% Profit,0.1,0.12,-3.08,6,6,0,83.3,1449.97,0,0.0,36807.1,36844.47
JPM,1Y,2025-05-02,2026-03-20,10% OTM,45,Roll @7d Before,6.87,7.83,-0.52,13,13,0,92.3,2960.96,0,0.0,36807.1,39335.74
JPM,1Y,2025-05-02,2026-03-20,10% OTM,60,Hold to Expiry,4.16,4.74,0.0,4,4,0,100.0,1532.75,0,0.0,36807.1,38339.85
JPM,1Y,2025-05-02,2026-03-20,10% OTM,60,Roll @50% Profit,6.6,7.52,0.0,7,7,0,100.0,2615.92,0,0.0,36807.1,39236.12
JPM,1Y,2025-05-02,2026-03-20,10% OTM,60,Roll @75% Profit,3.12,3.55,-1.16,5,5,0,80.0,1941.15,0,0.0,36807.1,37955.93
JPM,1Y,2025-05-02,2026-03-20,10% OTM,60,Roll @7d Before,11.24,12.85,0.0,12,12,0,100.0,4301.38,0,0.0,36807.1,40943.49
JPM,3Y,2023-04-28,2026-03-20,ATM,30,Hold to Expiry,25.26,8.13,-10.36,24,18,6,87.5,13241.99,3,412.0,36807.1,46105.08
JPM,3Y,2023-04-28,2026-03-20,ATM,30,Roll @50% Profit,20.51,6.69,-2.77,33,33,0,78.8,20513.6,0,0.0,36807.1,44355.87
JPM,3Y,2023-04-28,2026-03-20,ATM,30,Roll @75% Profit,19.52,6.38,-5.06,26,26,0,84.6,16113.97,0,0.0,36807.1,43991.41
JPM,3Y,2023-04-28,2026-03-20,ATM,30,Roll @7d Before,30.26,9.61,-2.79,39,39,0,82.1,26257.75,0,0.0,36807.1,47944.99
JPM,3Y,2023-04-28,2026-03-20,ATM,45,Hold to Expiry,23.56,7.62,-8.7,16,13,3,93.8,11717.17,1,551.0,36807.1,45480.27
JPM,3Y,2023-04-28,2026-03-20,ATM,45,Roll @50% Profit,25.26,8.13,-2.75,23,23,0,82.6,17248.64,0,0.0,36807.1,46104.74
JPM,3Y,2023-04-28,2026-03-20,ATM,45,Roll @75% Profit,23.76,7.68,-1.36,18,18,0,77.8,13629.6,0,0.0,36807.1,45550.67
JPM,3Y,2023-04-28,2026-03-20,ATM,45,Roll @7d Before,33.62,10.58,-4.59,26,26,0,88.5,21224.7,0,0.0,36807.1,49183.22
JPM,3Y,2023-04-28,2026-03-20,ATM,60,Hold to Expiry,17.95,5.9,-9.28,12,9,3,75.0,10150.7,3,304.0,36807.1,43413.79
JPM,3Y,2023-04-28,2026-03-20,ATM,60,Roll @50% Profit,14.02,4.66,-9.22,18,18,0,83.3,15660.6,0,0.0,36807.1,41967.78
JPM,3Y,2023-04-28,2026-03-20,ATM,60,Roll @75% Profit,27.76,8.88,-0.79,14,14,0,92.9,13341.39,0,0.0,36807.1,47025.08
JPM,3Y,2023-04-28,2026-03-20,ATM,60,Roll @7d Before,35.35,11.08,-1.5,21,21,0,81.0,19856.22,0,0.0,36807.1,49819.98
JPM,3Y,2023-04-28,2026-03-20,3% OTM,30,Hold to Expiry,16.58,5.47,-9.79,24,19,5,91.7,8247.36,2,324.0,36807.1,42910.46
JPM,3Y,2023-04-28,2026-03-20,3% OTM,30,Roll @50% Profit,14.61,4.85,-2.06,33,33,0,87.9,11599.72,0,0.0,36807.1,42185.15
JPM,3Y,2023-04-28,2026-03-20,3% OTM,30,Roll @75% Profit,10.92,3.66,-4.26,26,26,0,84.6,9166.51,0,0.0,36807.1,40827.06
JPM,3Y,2023-04-28,2026-03-20,3% OTM,30,Roll @7d Before,22.45,7.28,-2.06,39,39,0,87.2,15099.3,0,0.0,36807.1,45069.76
JPM,3Y,2023-04-28,2026-03-20,3% OTM,45,Hold to Expiry,17.71,5.82,-5.43,16,15,1,93.8,7460.97,1,551.0,36807.1,43324.07
JPM,3Y,2023-04-28,2026-03-20,3% OTM,45,Roll @50% Profit,19.0,6.22,-2.14,23,23,0,82.6,11012.84,0,0.0,36807.1,43801.22
JPM,3Y,2023-04-28,2026-03-20,3% OTM,45,Roll @75% Profit,18.54,6.08,-0.52,18,18,0,83.3,8632.07,0,0.0,36807.1,43632.47
JPM,3Y,2023-04-28,2026-03-20,3% OTM,45,Roll @7d Before,25.61,8.24,-3.85,26,26,0,92.3,13630.73,0,0.0,36807.1,46234.89
JPM,3Y,2023-04-28,2026-03-20,3% OTM,60,Hold to Expiry,14.21,4.72,-9.12,12,10,2,75.0,6975.67,2,334.0,36807.1,42038.76
JPM,3Y,2023-04-28,2026-03-20,3% OTM,60,Roll @50% Profit,9.73,3.28,-8.44,18,18,0,83.3,10532.76,0,0.0,36807.1,40389.55
JPM,3Y,2023-04-28,2026-03-20,3% OTM,60,Roll @75% Profit,22.23,7.22,-0.16,14,14,0,92.9,9271.37,0,0.0,36807.1,44989.81
JPM,3Y,2023-04-28,2026-03-20,3% OTM,60,Roll @7d Before,28.44,9.08,-0.38,21,21,0,90.5,13321.71,0,0.0,36807.1,47275.29
JPM,3Y,2023-04-28,2026-03-20,5% OTM,30,Hold to Expiry,15.02,4.98,-9.82,24,20,4,91.7,5729.87,2,324.0,36807.1,42336.97
JPM,3Y,2023-04-28,2026-03-20,5% OTM,30,Roll @50% Profit,12.06,4.03,-1.38,33,33,0,87.9,7636.66,0,0.0,36807.1,41246.36
JPM,3Y,2023-04-28,2026-03-20,5% OTM,30,Roll @75% Profit,7.44,2.52,-3.27,26,26,0,84.6,6011.51,0,0.0,36807.1,39544.51
JPM,3Y,2023-04-28,2026-03-20,5% OTM,30,Roll @7d Before,17.77,5.84,-1.38,39,39,0,89.7,10041.69,0,0.0,36807.1,43346.37
JPM,3Y,2023-04-28,2026-03-20,5% OTM,45,Hold to Expiry,12.88,4.29,0.0,16,16,0,100.0,5183.47,0,0.0,36807.1,41546.56
JPM,3Y,2023-04-28,2026-03-20,5% OTM,45,Roll @50% Profit,15.16,5.02,-1.55,23,23,0,87.0,7868.34,0,0.0,36807.1,42388.05
JPM,3Y,2023-04-28,2026-03-20,5% OTM,45,Roll @75% Profit,15.35,5.08,-0.02,18,18,0,94.4,6226.5,0,0.0,36807.1,42457.88
JPM,3Y,2023-04-28,2026-03-20,5% OTM,45,Roll @7d Before,19.49,6.38,-3.3,26,26,0,92.3,9767.39,0,0.0,36807.1,43981.06
JPM,3Y,2023-04-28,2026-03-20,5% OTM,60,Hold to Expiry,15.35,5.08,-8.37,12,10,2,75.0,5393.12,2,334.0,36807.1,42456.22
JPM,3Y,2023-04-28,2026-03-20,5% OTM,60,Roll @50% Profit,7.26,2.46,-7.65,18,18,0,88.9,7913.74,0,0.0,36807.1,39480.71
JPM,3Y,2023-04-28,2026-03-20,5% OTM,60,Roll @75% Profit,18.43,6.05,0.0,14,14,0,100.0,7137.15,0,0.0,36807.1,43591.29
JPM,3Y,2023-04-28,2026-03-20,5% OTM,60,Roll @7d Before,23.33,7.55,-0.01,21,21,0,95.2,9990.63,0,0.0,36807.1,45393.54
JPM,3Y,2023-04-28,2026-03-20,10% OTM,30,Hold to Expiry,4.84,1.66,0.0,24,24,0,100.0,1783.25,0,0.0,36807.1,38590.34
JPM,3Y,2023-04-28,2026-03-20,10% OTM,30,Roll @50% Profit,5.46,1.86,-0.32,33,33,0,84.8,2403.43,0,0.0,36807.1,38816.26
JPM,3Y,2023-04-28,2026-03-20,10% OTM,30,Roll @75% Profit,4.32,1.48,-0.36,26,26,0,92.3,1936.29,0,0.0,36807.1,38397.86
JPM,3Y,2023-04-28,2026-03-20,10% OTM,30,Roll @7d Before,7.43,2.52,-0.32,39,39,0,87.2,3168.05,0,0.0,36807.1,39541.72
JPM,3Y,2023-04-28,2026-03-20,10% OTM,45,Hold to Expiry,5.63,1.92,0.0,16,16,0,100.0,2070.65,0,0.0,36807.1,38877.74
JPM,3Y,2023-04-28,2026-03-20,10% OTM,45,Roll @50% Profit,7.54,2.55,-0.52,23,23,0,91.3,3246.19,0,0.0,36807.1,39581.27
JPM,3Y,2023-04-28,2026-03-20,10% OTM,45,Roll @75% Profit,6.77,2.3,0.0,18,18,0,94.4,2514.79,0,0.0,36807.1,39299.79
JPM,3Y,2023-04-28,2026-03-20,10% OTM,45,Roll @7d Before,8.22,2.78,-1.76,26,26,0,96.2,3888.24,0,0.0,36807.1,39833.55
JPM,3Y,2023-04-28,2026-03-20,10% OTM,60,Hold to Expiry,5.89,2.01,0.0,12,12,0,100.0,2412.38,0,0.0,36807.1,38975.48
JPM,3Y,2023-04-28,2026-03-20,10% OTM,60,Roll @50% Profit,2.8,0.96,-5.58,18,18,0,88.9,3704.18,0,0.0,36807.1,37838.29
JPM,3Y,2023-04-28,2026-03-20,10% OTM,60,Roll @75% Profit,9.66,3.25,0.0,14,14,0,100.0,3567.25,0,0.0,36807.1,40361.27
JPM,3Y,2023-04-28,2026-03-20,10% OTM,60,Roll @7d Before,11.55,3.87,0.0,21,21,0,100.0,4375.66,0,0.0,36807.1,41058.34
JPM,5Y,2021-04-28,2026-03-20,ATM,30,Hold to Expiry,20.74,3.94,-14.19,40,17,23,85.0,14876.64,6,531.0,36807.1,44439.74
JPM,5Y,2021-04-28,2026-03-20,ATM,30,Roll @50% Profit,12.26,2.4,-9.73,55,55,0,70.9,29130.67,0,0.0,36807.1,41321.36
JPM,5Y,2021-04-28,2026-03-20,ATM,30,Roll @75% Profit,25.06,4.69,-6.88,43,43,0,86.0,22952.24,0,0.0,36807.1,46029.46
JPM,5Y,2021-04-28,2026-03-20,ATM,30,Roll @7d Before,21.77,4.12,-9.73,61,61,0,73.8,34900.5,0,0.0,36807.1,44819.73
JPM,5Y,2021-04-28,2026-03-20,ATM,45,Hold to Expiry,25.48,4.76,-12.14,27,14,13,88.9,12722.47,3,858.0,36807.1,46185.57
JPM,5Y,2021-04-28,2026-03-20,ATM,45,Roll @50% Profit,20.71,3.93,-5.93,38,38,0,73.7,23802.05,0,0.0,36807.1,44429.51
JPM,5Y,2021-04-28,2026-03-20,ATM,45,Roll @75% Profit,13.25,2.58,-11.19,30,30,0,73.3,19218.84,0,0.0,36807.1,41684.48
JPM,5Y,2021-04-28,2026-03-20,ATM,45,Roll @7d Before,28.15,5.21,-9.22,40,40,0,77.5,29495.52,0,0.0,36807.1,47167.86
JPM,5Y,2021-04-28,2026-03-20,ATM,60,Hold to Expiry,21.71,4.11,-14.91,21,10,11,90.5,11735.37,3,345.0,36807.1,44798.47
JPM,5Y,2021-04-28,2026-03-20,ATM,60,Roll @50% Profit,11.69,2.29,-10.24,29,29,0,72.4,21577.74,0,0.0,36807.1,41110.63
JPM,5Y,2021-04-28,2026-03-20,ATM,60,Roll @75% Profit,16.82,3.24,-8.01,23,23,0,73.9,16690.79,0,0.0,36807.1,42998.63
JPM,5Y,2021-04-28,2026-03-20,ATM,60,Roll @7d Before,37.26,6.7,-6.37,31,31,0,80.6,27495.58,0,0.0,36807.1,50522.87
JPM,5Y,2021-04-28,2026-03-20,3% OTM,30,Hold to Expiry,18.04,3.46,-14.08,40,19,21,90.0,9784.31,4,611.0,36807.1,43447.41
JPM,5Y,2021-04-28,2026-03-20,3% OTM,30,Roll @50% Profit,6.45,1.29,-8.17,55,55,0,72.7,16771.36,0,0.0,36807.1,39182.99
JPM,5Y,2021-04-28,2026-03-20,3% OTM,30,Roll @75% Profit,17.13,3.29,-5.9,43,43,0,86.0,13301.28,0,0.0,36807.1,43113.1
JPM,5Y,2021-04-28,2026-03-20,3% OTM,30,Roll @7d Before,14.2,2.76,-8.17,61,61,0,75.4,20295.69,0,0.0,36807.1,42034.38
JPM,5Y,2021-04-28,2026-03-20,3% OTM,45,Hold to Expiry,21.37,4.05,-11.25,27,14,13,92.6,9110.34,1,689.0,36807.1,44673.44
JPM,5Y,2021-04-28,2026-03-20,3% OTM,45,Roll @50% Profit,14.34,2.78,-4.85,38,38,0,76.3,14897.68,0,0.0,36807.1,42084.22
JPM,5Y,2021-04-28,2026-03-20,3% OTM,45,Roll @75% Profit,7.35,1.46,-10.63,30,30,0,80.0,12157.84,0,0.0,36807.1,39513.96
JPM,5Y,2021-04-28,2026-03-20,3% OTM,45,Roll @7d Before,19.59,3.73,-8.43,40,40,0,80.0,18960.67,0,0.0,36807.1,44018.76
JPM,5Y,2021-04-28,2026-03-20,3% OTM,60,Hold to Expiry,17.53,3.36,-11.82,21,12,9,90.5,8696.26,1,670.0,36807.1,43259.36
JPM,5Y,2021-04-28,2026-03-20,3% OTM,60,Roll @50% Profit,6.85,1.37,-9.44,29,29,0,72.4,14767.27,0,0.0,36807.1,39326.74
JPM,5Y,2021-04-28,2026-03-20,3% OTM,60,Roll @75% Profit,12.37,2.42,-6.14,23,23,0,78.3,11122.92,0,0.0,36807.1,41359.25
JPM,5Y,2021-04-28,2026-03-20,3% OTM,60,Roll @7d Before,30.71,5.64,-4.8,31,31,0,87.1,19166.55,0,0.0,36807.1,48110.27
JPM,5Y,2021-04-28,2026-03-20,5% OTM,30,Hold to Expiry,10.04,1.98,-14.3,40,25,15,92.5,6739.88,2,774.0,36807.1,40502.98
JPM,5Y,2021-04-28,2026-03-20,5% OTM,30,Roll @50% Profit,3.82,0.77,-6.89,55,55,0,74.5,11163.27,0,0.0,36807.1,38214.92
JPM,5Y,2021-04-28,2026-03-20,5% OTM,30,Roll @75% Profit,10.86,2.13,-5.09,43,43,0,86.0,8968.17,0,0.0,36807.1,40803.84
JPM,5Y,2021-04-28,2026-03-20,5% OTM,30,Roll @7d Before,9.8,1.93,-6.89,61,61,0,77.0,13618.56,0,0.0,36807.1,40412.68
JPM,5Y,2021-04-28,2026-03-20,5% OTM,45,Hold to Expiry,18.83,3.6,-10.42,27,16,11,92.6,6772.95,1,689.0,36807.1,43736.05
JPM,5Y,2021-04-28,2026-03-20,5% OTM,45,Roll @50% Profit,10.39,2.05,-4.1,38,38,0,76.3,10503.49,0,0.0,36807.1,40630.32
JPM,5Y,2021-04-28,2026-03-20,5% OTM,45,Roll @75% Profit,4.79,0.96,-9.73,30,30,0,86.7,8749.9,0,0.0,36807.1,38569.99
JPM,5Y,2021-04-28,2026-03-20,5% OTM,45,Roll @7d Before,14.99,2.9,-7.64,40,40,0,82.5,13914.14,0,0.0,36807.1,42326.18
JPM,5Y,2021-04-28,2026-03-20,5% OTM,60,Hold to Expiry,15.48,2.99,-11.21,21,12,9,95.2,6941.79,1,670.0,36807.1,42504.89
JPM,5Y,2021-04-28,2026-03-20,5% OTM,60,Roll @50% Profit,4.41,0.89,-8.77,29,29,0,75.9,11167.5,0,0.0,36807.1,38431.8
JPM,5Y,2021-04-28,2026-03-20,5% OTM,60,Roll @75% Profit,10.08,1.99,-4.88,23,23,0,78.3,8367.63,0,0.0,36807.1,40517.94
JPM,5Y,2021-04-28,2026-03-20,5% OTM,60,Roll @7d Before,25.2,4.71,-3.96,31,31,0,87.1,14714.98,0,0.0,36807.1,46084.08
JPM,5Y,2021-04-28,2026-03-20,10% OTM,30,Hold to Expiry,16.52,3.18,-7.71,40,33,7,95.0,3079.5,2,696.0,36807.1,42886.6
JPM,5Y,2021-04-28,2026-03-20,10% OTM,30,Roll @50% Profit,1.19,0.24,-3.82,55,55,0,76.4,3619.67,0,0.0,36807.1,37244.6
JPM,5Y,2021-04-28,2026-03-20,10% OTM,30,Roll @75% Profit,3.99,0.8,-1.91,43,43,0,88.4,3009.42,0,0.0,36807.1,38276.05
JPM,5Y,2021-04-28,2026-03-20,10% OTM,30,Roll @7d Before,3.26,0.66,-3.82,61,61,0,78.7,4396.93,0,0.0,36807.1,38007.14
JPM,5Y,2021-04-28,2026-03-20,10% OTM,45,Hold to Expiry,8.26,1.64,0.0,27,27,0,100.0,3040.4,0,0.0,36807.1,39847.5
JPM,5Y,2021-04-28,2026-03-20,10% OTM,45,Roll @50% Profit,4.21,0.85,-2.03,38,38,0,81.6,3981.76,0,0.0,36807.1,38356.92
JPM,5Y,2021-04-28,2026-03-20,10% OTM,45,Roll @75% Profit,-0.24,-0.05,-7.11,30,30,0,90.0,3432.8,0,0.0,36807.1,36717.76
JPM,5Y,2021-04-28,2026-03-20,10% OTM,45,Roll @7d Before,6.37,1.27,-4.86,40,40,0,90.0,5590.52,0,0.0,36807.1,39150.03
JPM,5Y,2021-04-28,2026-03-20,10% OTM,60,Hold to Expiry,8.72,1.73,-6.17,21,18,3,95.2,3409.58,1,426.0,36807.1,40016.68
JPM,5Y,2021-04-28,2026-03-20,10% OTM,60,Roll @50% Profit,0.24,0.05,-6.5,29,29,0,75.9,5184.48,0,0.0,36807.1,36895.75
JPM,5Y,2021-04-28,2026-03-20,10% OTM,60,Roll @75% Profit,6.24,1.25,-2.29,23,23,0,91.3,3670.88,0,0.0,36807.1,39103.56
JPM,5Y,2021-04-28,2026-03-20,10% OTM,60,Roll @7d Before,13.93,2.71,-1.8,31,31,0,90.3,7056.77,0,0.0,36807.1,41933.44
KO,1Y,2025-05-02,2026-03-20,ATM,30,Hold to Expiry,6.79,7.75,-3.97,8,5,3,87.5,1130.34,1,123.0,8910.33,9515.67
KO,1Y,2025-05-02,2026-03-20,ATM,30,Roll @50% Profit,3.3,3.75,-2.73,11,11,0,72.7,1570.55,0,0.0,8910.33,9204.42
KO,1Y,2025-05-02,2026-03-20,ATM,30,Roll @75% Profit,1.0,1.13,-3.16,9,9,0,66.7,1351.68,0,0.0,8910.33,8999.32
KO,1Y,2025-05-02,2026-03-20,ATM,30,Roll @7d Before,10.5,12.0,-2.73,17,17,0,82.4,2564.51,0,0.0,8910.33,9845.59
KO,1Y,2025-05-02,2026-03-20,ATM,45,Hold to Expiry,6.66,7.6,-3.57,5,3,2,100.0,893.86,1,137.0,8910.33,9504.19
KO,1Y,2025-05-02,2026-03-20,ATM,45,Roll @50% Profit,1.48,1.69,-2.62,9,9,0,55.6,1594.73,0,0.0,8910.33,9042.56
KO,1Y,2025-05-02,2026-03-20,ATM,45,Roll @75% Profit,5.56,6.34,-2.12,6,6,0,66.7,1156.86,0,0.0,8910.33,9406.04
KO,1Y,2025-05-02,2026-03-20,ATM,45,Roll @7d Before,14.5,16.61,-1.49,13,13,0,92.3,2473.6,0,0.0,8910.33,10202.18
KO,1Y,2025-05-02,2026-03-20,ATM,60,Hold to Expiry,6.5,7.41,-4.9,4,3,1,100.0,879.53,1,121.0,8910.33,9489.86
KO,1Y,2025-05-02,2026-03-20,ATM,60,Roll @50% Profit,9.05,10.34,-0.56,7,7,0,85.7,1510.5,0,0.0,8910.33,9716.97
KO,1Y,2025-05-02,2026-03-20,ATM,60,Roll @75% Profit,2.4,2.72,-0.92,5,5,0,60.0,953.75,0,0.0,8910.33,9123.81
KO,1Y,2025-05-02,2026-03-20,ATM,60,Roll @7d Before,16.09,18.45,-1.63,12,12,0,91.7,2613.86,0,0.0,8910.33,10343.98
KO,1Y,2025-05-02,2026-03-20,3% OTM,30,Hold to Expiry,5.45,6.21,0.0,8,8,0,100.0,510.33,0,0.0,8910.33,9395.66
KO,1Y,2025-05-02,2026-03-20,3% OTM,30,Roll @50% Profit,4.34,4.94,-1.37,11,11,0,90.9,676.63,0,0.0,8910.33,9296.8
KO,1Y,2025-05-02,2026-03-20,3% OTM,30,Roll @75% Profit,3.11,3.54,-1.8,9,9,0,88.9,596.27,0,0.0,8910.33,9187.26
KO,1Y,2025-05-02,2026-03-20,3% OTM,30,Roll @7d Before,8.73,9.96,-1.37,17,17,0,88.2,1132.84,0,0.0,8910.33,9688.0
KO,1Y,2025-05-02,2026-03-20,3% OTM,45,Hold to Expiry,6.86,7.82,-3.35,5,4,1,100.0,510.92,1,137.0,8910.33,9521.26
KO,1Y,2025-05-02,2026-03-20,3% OTM,45,Roll @50% Profit,4.13,4.7,-1.33,9,9,0,88.9,825.5,0,0.0,8910.33,9277.95
KO,1Y,2025-05-02,2026-03-20,3% OTM,45,Roll @75% Profit,5.97,6.8,-0.21,6,6,0,83.3,623.87,0,0.0,8910.33,9442.33
KO,1Y,2025-05-02,2026-03-20,3% OTM,45,Roll @7d Before,12.55,14.36,-0.33,13,13,0,92.3,1317.05,0,0.0,8910.33,10028.22
KO,1Y,2025-05-02,2026-03-20,3% OTM,60,Hold to Expiry,6.56,7.47,-4.84,4,3,1,100.0,584.08,1,121.0,8910.33,9494.41
KO,1Y,2025-05-02,2026-03-20,3% OTM,60,Roll @50% Profit,7.85,8.96,0.0,7,7,0,100.0,861.23,0,0.0,8910.33,9609.94
KO,1Y,2025-05-02,2026-03-20,3% OTM,60,Roll @75% Profit,4.68,5.33,0.0,5,5,0,100.0,521.71,0,0.0,8910.33,9327.04
KO,1Y,2025-05-02,2026-03-20,3% OTM,60,Roll @7d Before,14.45,16.56,-0.44,12,12,0,91.7,1512.71,0,0.0,8910.33,10198.28
KO,1Y,2025-05-02,2026-03-20,5% OTM,30,Hold to Expiry,3.21,3.65,0.0,8,8,0,100.0,286.19,0,0.0,8910.33,9196.52
KO,1Y,2025-05-02,2026-03-20,5% OTM,30,Roll @50% Profit,2.64,3.0,-0.7,11,11,0,90.9,345.92,0,0.0,8910.33,9145.52
KO,1Y,2025-05-02,2026-03-20,5% OTM,30,Roll @75% Profit,2.91,3.31,-0.28,9,9,0,88.9,328.31,0,0.0,8910.33,9169.9
KO,1Y,2025-05-02,2026-03-20,5% OTM,30,Roll @7d Before,4.74,5.4,-0.7,17,17,0,94.1,573.66,0,0.0,8910.33,9332.73
KO,1Y,2025-05-02,2026-03-20,5% OTM,45,Hold to Expiry,3.23,3.67,0.0,5,5,0,100.0,287.65,0,0.0,8910.33,9197.98
KO,1Y,2025-05-02,2026-03-20,5% OTM,45,Roll @50% Profit,3.79,4.31,-0.72,9,9,0,88.9,533.88,0,0.0,8910.33,9247.91
KO,1Y,2025-05-02,2026-03-20,5% OTM,45,Roll @75% Profit,3.49,3.97,0.0,6,6,0,100.0,329.15,0,0.0,8910.33,9221.43
KO,1Y,2025-05-02,2026-03-20,5% OTM,45,Roll @7d Before,7.88,8.99,0.0,13,13,0,100.0,757.52,0,0.0,8910.33,9612.72
KO,1Y,2025-05-02,2026-03-20,5% OTM,60,Hold to Expiry,3.77,4.29,0.0,4,4,0,100.0,335.95,0,0.0,8910.33,9246.28
KO,1Y,2025-05-02,2026-03-20,5% OTM,60,Roll @50% Profit,6.03,6.87,0.0,7,7,0,100.0,593.65,0,0.0,8910.33,9447.64
KO,1Y,2025-05-02,2026-03-20,5% OTM,60,Roll @75% Profit,3.68,4.19,0.0,5,5,0,100.0,332.04,0,0.0,8910.33,9238.09
KO,1Y,2025-05-02,2026-03-20,5% OTM,60,Roll @7d Before,10.03,11.46,0.0,12,12,0,100.0,924.88,0,0.0,8910.33,9803.94
KO,1Y,2025-05-02,2026-03-20,10% OTM,30,Hold to Expiry,0.54,0.62,0.0,8,8,0,100.0,48.37,0,0.0,8910.33,8958.7
KO,1Y,2025-05-02,2026-03-20,10% OTM,30,Roll @50% Profit,0.51,0.58,0.0,11,11,0,72.7,55.12,0,0.0,8910.33,8955.46
KO,1Y,2025-05-02,2026-03-20,10% OTM,30,Roll @75% Profit,0.48,0.55,0.0,9,9,0,88.9,51.19,0,0.0,8910.33,8953.53
KO,1Y,2025-05-02,2026-03-20,10% OTM,30,Roll @7d Before,0.76,0.86,0.0,17,17,0,82.4,83.33,0,0.0,8910.33,8977.67
KO,1Y,2025-05-02,2026-03-20,10% OTM,45,Hold to Expiry,0.89,1.01,0.0,5,5,0,100.0,78.88,0,0.0,8910.33,8989.22
KO,1Y,2025-05-02,2026-03-20,10% OTM,45,Roll @50% Profit,1.24,1.41,0.0,9,9,0,100.0,118.8,0,0.0,8910.33,9021.13
KO,1Y,2025-05-02,2026-03-20,10% OTM,45,Roll @75% Profit,0.97,1.11,0.0,6,6,0,100.0,91.87,0,0.0,8910.33,8997.2
KO,1Y,2025-05-02,2026-03-20,10% OTM,45,Roll @7d Before,1.79,2.04,0.0,13,13,0,100.0,171.73,0,0.0,8910.33,9070.06
KO,1Y,2025-05-02,2026-03-20,10% OTM,60,Hold to Expiry,1.32,1.5,0.0,4,4,0,100.0,117.34,0,0.0,8910.33,9027.67
KO,1Y,2025-05-02,2026-03-20,10% OTM,60,Roll @50% Profit,1.91,2.17,0.0,7,7,0,100.0,176.49,0,0.0,8910.33,9080.82
KO,1Y,2025-05-02,2026-03-20,10% OTM,60,Roll @75% Profit,1.13,1.29,0.0,5,5,0,100.0,105.04,0,0.0,8910.33,9011.37
KO,1Y,2025-05-02,2026-03-20,10% OTM,60,Roll @7d Before,3.07,3.49,0.0,12,12,0,100.0,284.52,0,0.0,8910.33,9183.86
KO,3Y,2023-04-28,2026-03-20,ATM,30,Hold to Expiry,14.17,4.71,-9.68,24,8,16,87.5,1987.47,4,294.0,8910.33,10172.8
KO,3Y,2023-04-28,2026-03-20,ATM,30,Roll @50% Profit,4.53,1.55,-8.59,33,33,0,75.8,3722.97,0,0.0,8910.33,9314.33
KO,3Y,2023-04-28,2026-03-20,ATM,30,Roll @75% Profit,-3.94,-1.39,-10.92,26,26,0,73.1,2938.4,0,0.0,8910.33,8559.2
KO,3Y,2023-04-28,2026-03-20,ATM,30,Roll @7d Before,11.65,3.9,-8.59,39,39,0,79.5,4716.93,0,0.0,8910.33,9948.8
KO,3Y,2023-04-28,2026-03-20,ATM,45,Hold to Expiry,14.5,4.81,-10.27,16,8,8,87.5,1791.57,3,260.0,8910.33,10201.91
KO,3Y,2023-04-28,2026-03-20,ATM,45,Roll @50% Profit,7.38,2.5,-4.92,23,23,0,65.2,3267.55,0,0.0,8910.33,9568.17
KO,3Y,2023-04-28,2026-03-20,ATM,45,Roll @75% Profit,4.33,1.48,-6.28,18,18,0,72.2,2512.0,0,0.0,8910.33,9296.48
KO,3Y,2023-04-28,2026-03-20,ATM,45,Roll @7d Before,11.04,3.7,-7.21,26,26,0,80.8,4022.08,0,0.0,8910.33,9893.83
KO,3Y,2023-04-28,2026-03-20,ATM,60,Hold to Expiry,10.27,3.45,-10.65,12,6,6,66.7,1315.11,3,263.0,8910.33,9825.44
KO,3Y,2023-04-28,2026-03-20,ATM,60,Roll @50% Profit,4.68,1.6,-6.46,18,18,0,72.2,2951.6,0,0.0,8910.33,9327.38
KO,3Y,2023-04-28,2026-03-20,ATM,60,Roll @75% Profit,5.76,1.96,-8.28,14,14,0,78.6,2401.71,0,0.0,8910.33,9423.13
KO,3Y,2023-04-28,2026-03-20,ATM,60,Roll @7d Before,13.55,4.51,-7.99,21,21,0,81.0,3660.37,0,0.0,8910.33,10117.5
KO,3Y,2023-04-28,2026-03-20,3% OTM,30,Hold to Expiry,16.94,5.58,-8.65,24,11,13,87.5,1134.6,4,200.0,8910.33,10419.93
KO,3Y,2023-04-28,2026-03-20,3% OTM,30,Roll @50% Profit,0.58,0.2,-8.21,33,33,0,87.9,1493.74,0,0.0,8910.33,8962.09
KO,3Y,2023-04-28,2026-03-20,3% OTM,30,Roll @75% Profit,-2.45,-0.86,-8.25,26,26,0,76.9,1211.39,0,0.0,8910.33,8692.44
KO,3Y,2023-04-28,2026-03-20,3% OTM,30,Roll @7d Before,5.34,1.82,-8.21,39,39,0,89.7,1949.95,0,0.0,8910.33,9386.5
KO,3Y,2023-04-28,2026-03-20,3% OTM,45,Hold to Expiry,16.82,5.54,-9.68,16,9,7,81.2,1098.47,3,260.0,8910.33,10408.8
KO,3Y,2023-04-28,2026-03-20,3% OTM,45,Roll @50% Profit,6.43,2.19,-2.67,23,23,0,65.2,1581.5,0,0.0,8910.33,9483.62
KO,3Y,2023-04-28,2026-03-20,3% OTM,45,Roll @75% Profit,4.49,1.54,-4.99,18,18,0,83.3,1265.23,0,0.0,8910.33,9310.68
KO,3Y,2023-04-28,2026-03-20,3% OTM,45,Roll @7d Before,8.71,2.94,-5.53,26,26,0,80.8,1941.92,0,0.0,8910.33,9686.14
KO,3Y,2023-04-28,2026-03-20,3% OTM,60,Hold to Expiry,8.83,2.98,-7.01,12,9,3,75.0,786.45,3,365.0,8910.33,9696.79
KO,3Y,2023-04-28,2026-03-20,3% OTM,60,Roll @50% Profit,5.81,1.98,-4.45,18,18,0,77.8,1573.26,0,0.0,8910.33,9427.98
KO,3Y,2023-04-28,2026-03-20,3% OTM,60,Roll @75% Profit,2.37,0.82,-7.98,14,14,0,85.7,1281.77,0,0.0,8910.33,9121.61
KO,3Y,2023-04-28,2026-03-20,3% OTM,60,Roll @7d Before,9.44,3.18,-6.48,21,21,0,81.0,1930.5,0,0.0,8910.33,9751.88
KO,3Y,2023-04-28,2026-03-20,5% OTM,30,Hold to Expiry,18.08,5.94,-9.92,24,12,12,91.7,610.67,2,232.0,8910.33,10521.0
KO,3Y,2023-04-28,2026-03-20,5% OTM,30,Roll @50% Profit,-2.26,-0.79,-7.65,33,33,0,87.9,743.58,0,0.0,8910.33,8708.72
KO,3Y,2023-04-28,2026-03-20,5% OTM,30,Roll @75% Profit,-0.91,-0.32,-4.58,26,26,0,76.9,602.98,0,0.0,8910.33,8829.21
KO,3Y,2023-04-28,2026-03-20,5% OTM,30,Roll @7d Before,0.15,0.05,-7.65,39,39,0,89.7,971.31,0,0.0,8910.33,8923.37
KO,3Y,2023-04-28,2026-03-20,5% OTM,45,Hold to Expiry,6.79,2.31,-5.59,16,15,1,93.8,604.77,1,459.0,8910.33,9515.11
KO,3Y,2023-04-28,2026-03-20,5% OTM,45,Roll @50% Profit,5.23,1.78,-1.52,23,23,0,82.6,899.86,0,0.0,8910.33,9376.19
KO,3Y,2023-04-28,2026-03-20,5% OTM,45,Roll @75% Profit,2.91,1.0,-3.31,18,18,0,83.3,685.34,0,0.0,8910.33,9169.35
KO,3Y,2023-04-28,2026-03-20,5% OTM,45,Roll @7d Before,5.67,1.93,-4.34,26,26,0,88.5,1143.93,0,0.0,8910.33,9415.8
KO,3Y,2023-04-28,2026-03-20,5% OTM,60,Hold to Expiry,5.84,1.99,-7.76,12,10,2,83.3,520.34,2,304.0,8910.33,9430.67
KO,3Y,2023-04-28,2026-03-20,5% OTM,60,Roll @50% Profit,4.94,1.69,-3.61,18,18,0,83.3,1021.06,0,0.0,8910.33,9350.41
KO,3Y,2023-04-28,2026-03-20,5% OTM,60,Roll @75% Profit,-0.12,-0.04,-7.19,14,14,0,85.7,838.45,0,0.0,8910.33,8899.21
KO,3Y,2023-04-28,2026-03-20,5% OTM,60,Roll @7d Before,6.08,2.07,-5.57,21,21,0,85.7,1284.49,0,0.0,8910.33,9452.03
KO,3Y,2023-04-28,2026-03-20,10% OTM,30,Hold to Expiry,1.13,0.39,0.0,24,24,0,100.0,100.92,0,0.0,8910.33,9011.25
KO,3Y,2023-04-28,2026-03-20,10% OTM,30,Roll @50% Profit,-1.85,-0.65,-2.56,33,33,0,45.5,112.71,0,0.0,8910.33,8745.31
KO,3Y,2023-04-28,2026-03-20,10% OTM,30,Roll @75% Profit,0.55,0.19,-0.19,26,26,0,38.5,90.59,0,0.0,8910.33,8959.11
KO,3Y,2023-04-28,2026-03-20,10% OTM,30,Roll @7d Before,-1.6,-0.56,-2.56,39,39,0,53.8,140.92,0,0.0,8910.33,8767.52
KO,3Y,2023-04-28,2026-03-20,10% OTM,45,Hold to Expiry,7.43,2.52,-2.92,16,15,1,93.8,162.36,1,459.0,8910.33,9572.69
KO,3Y,2023-04-28,2026-03-20,10% OTM,45,Roll @50% Profit,1.75,0.6,-0.14,23,23,0,69.6,194.81,0,0.0,8910.33,9065.96
KO,3Y,2023-04-28,2026-03-20,10% OTM,45,Roll @75% Profit,1.02,0.35,-0.48,18,18,0,66.7,155.56,0,0.0,8910.33,9001.28
KO,3Y,2023-04-28,2026-03-20,10% OTM,45,Roll @7d Before,1.57,0.54,-0.73,26,26,0,65.4,236.88,0,0.0,8910.33,9049.82
KO,3Y,2023-04-28,2026-03-20,10% OTM,60,Hold to Expiry,10.82,3.63,-5.73,12,10,2,83.3,164.27,2,304.0,8910.33,9874.61
KO,3Y,2023-04-28,2026-03-20,10% OTM,60,Roll @50% Profit,1.52,0.53,-1.21,18,18,0,83.3,272.44,0,0.0,8910.33,9045.78
KO,3Y,2023-04-28,2026-03-20,10% OTM,60,Roll @75% Profit,0.11,0.04,-2.32,14,14,0,71.4,244.86,0,0.0,8910.33,8920.36
KO,3Y,2023-04-28,2026-03-20,10% OTM,60,Roll @7d Before,0.81,0.28,-2.53,21,21,0,85.7,321.67,0,0.0,8910.33,8982.16
KO,5Y,2021-04-28,2026-03-20,ATM,30,Hold to Expiry,20.48,3.89,-10.45,40,15,25,77.5,3250.28,8,607.0,8910.33,10735.61
KO,5Y,2021-04-28,2026-03-20,ATM,30,Roll @50% Profit,10.97,2.15,-8.67,55,55,0,70.9,6466.62,0,0.0,8910.33,9887.38
KO,5Y,2021-04-28,2026-03-20,ATM,30,Roll @75% Profit,12.67,2.47,-7.22,43,43,0,69.8,4899.15,0,0.0,8910.33,10039.35
KO,5Y,2021-04-28,2026-03-20,ATM,30,Roll @7d Before,17.11,3.29,-8.67,61,61,0,72.1,7481.93,0,0.0,8910.33,10434.79
KO,5Y,2021-04-28,2026-03-20,ATM,45,Hold to Expiry,27.0,5.02,-11.07,27,17,10,85.2,3030.94,5,671.0,8910.33,11316.27
KO,5Y,2021-04-28,2026-03-20,ATM,45,Roll @50% Profit,10.99,2.16,-7.64,38,38,0,78.9,4854.69,0,0.0,8910.33,9889.43
KO,5Y,2021-04-28,2026-03-20,ATM,45,Roll @75% Profit,14.78,2.86,-5.84,30,30,0,76.7,3901.15,0,0.0,8910.33,10227.42
KO,5Y,2021-04-28,2026-03-20,ATM,45,Roll @7d Before,16.4,3.16,-5.53,40,40,0,80.0,5651.5,0,0.0,8910.33,10371.65
KO,5Y,2021-04-28,2026-03-20,ATM,60,Hold to Expiry,20.21,3.84,-9.33,21,12,9,76.2,2826.08,5,511.0,8910.33,10711.41
KO,5Y,2021-04-28,2026-03-20,ATM,60,Roll @50% Profit,6.05,1.21,-8.68,29,29,0,72.4,4320.35,0,0.0,8910.33,9449.8
KO,5Y,2021-04-28,2026-03-20,ATM,60,Roll @75% Profit,17.74,3.4,-7.04,23,23,0,87.0,3731.16,0,0.0,8910.33,10490.93
KO,5Y,2021-04-28,2026-03-20,ATM,60,Roll @7d Before,21.66,4.1,-5.53,31,31,0,77.4,5326.76,0,0.0,8910.33,10840.26
KO,5Y,2021-04-28,2026-03-20,3% OTM,30,Hold to Expiry,22.08,4.17,-9.12,40,18,22,90.0,1892.37,6,753.0,8910.33,10877.71
KO,5Y,2021-04-28,2026-03-20,3% OTM,30,Roll @50% Profit,6.03,1.21,-7.82,55,55,0,81.8,2639.53,0,0.0,8910.33,9447.91
KO,5Y,2021-04-28,2026-03-20,3% OTM,30,Roll @75% Profit,10.07,1.99,-3.68,43,43,0,83.7,2105.4,0,0.0,8910.33,9808.04
KO,5Y,2021-04-28,2026-03-20,3% OTM,30,Roll @7d Before,10.47,2.06,-7.82,61,61,0,83.6,3079.85,0,0.0,8910.33,9843.18
KO,5Y,2021-04-28,2026-03-20,3% OTM,45,Hold to Expiry,20.99,3.98,-9.83,27,19,8,88.9,1770.38,5,661.0,8910.33,10780.72
KO,5Y,2021-04-28,2026-03-20,3% OTM,45,Roll @50% Profit,7.5,1.49,-6.82,38,38,0,81.6,2438.92,0,0.0,8910.33,9578.5
KO,5Y,2021-04-28,2026-03-20,3% OTM,45,Roll @75% Profit,10.45,2.06,-4.83,30,30,0,90.0,1907.91,0,0.0,8910.33,9841.06
KO,5Y,2021-04-28,2026-03-20,3% OTM,45,Roll @7d Before,13.18,2.57,-4.48,40,40,0,85.0,2738.78,0,0.0,8910.33,10084.49
KO,5Y,2021-04-28,2026-03-20,3% OTM,60,Hold to Expiry,21.82,4.13,-9.12,21,12,9,90.5,1669.15,5,524.0,8910.33,10854.48
KO,5Y,2021-04-28,2026-03-20,3% OTM,60,Roll @50% Profit,4.78,0.96,-8.2,29,29,0,82.8,2404.58,0,0.0,8910.33,9335.81
KO,5Y,2021-04-28,2026-03-20,3% OTM,60,Roll @75% Profit,11.38,2.23,-6.65,23,23,0,87.0,2162.09,0,0.0,8910.33,9923.94
KO,5Y,2021-04-28,2026-03-20,3% OTM,60,Roll @7d Before,16.88,3.25,-4.17,31,31,0,83.9,2934.36,0,0.0,8910.33,10414.21
KO,5Y,2021-04-28,2026-03-20,5% OTM,30,Hold to Expiry,14.57,2.83,-9.68,40,26,14,95.0,1022.86,3,681.0,8910.33,10208.2
KO,5Y,2021-04-28,2026-03-20,5% OTM,30,Roll @50% Profit,1.89,0.38,-6.76,55,55,0,85.5,1403.51,0,0.0,8910.33,9078.34
KO,5Y,2021-04-28,2026-03-20,5% OTM,30,Roll @75% Profit,6.49,1.3,-2.02,43,43,0,93.0,1036.75,0,0.0,8910.33,9488.57
KO,5Y,2021-04-28,2026-03-20,5% OTM,30,Roll @7d Before,4.44,0.89,-6.76,61,61,0,86.9,1639.37,0,0.0,8910.33,9305.99
KO,5Y,2021-04-28,2026-03-20,5% OTM,45,Hold to Expiry,17.37,3.34,-10.45,27,20,7,88.9,1147.84,3,674.0,8910.33,10458.17
KO,5Y,2021-04-28,2026-03-20,5% OTM,45,Roll @50% Profit,4.51,0.91,-5.39,38,38,0,84.2,1418.47,0,0.0,8910.33,9312.54
KO,5Y,2021-04-28,2026-03-20,5% OTM,45,Roll @75% Profit,7.94,1.58,-3.28,30,30,0,96.7,1107.17,0,0.0,8910.33,9617.5
KO,5Y,2021-04-28,2026-03-20,5% OTM,45,Roll @7d Before,8.61,1.71,-4.06,40,40,0,85.0,1646.16,0,0.0,8910.33,9677.83
KO,5Y,2021-04-28,2026-03-20,5% OTM,60,Hold to Expiry,23.0,4.33,-9.21,21,15,6,85.7,1049.59,3,690.0,8910.33,10959.93
KO,5Y,2021-04-28,2026-03-20,5% OTM,60,Roll @50% Profit,4.56,0.92,-5.76,29,29,0,86.2,1618.72,0,0.0,8910.33,9316.34
KO,5Y,2021-04-28,2026-03-20,5% OTM,60,Roll @75% Profit,7.92,1.57,-5.02,23,23,0,91.3,1436.24,0,0.0,8910.33,9615.89
KO,5Y,2021-04-28,2026-03-20,5% OTM,60,Roll @7d Before,12.55,2.45,-3.42,31,31,0,87.1,1943.03,0,0.0,8910.33,10028.56
KO,5Y,2021-04-28,2026-03-20,10% OTM,30,Hold to Expiry,6.58,1.31,-1.05,40,39,1,97.5,186.48,1,650.0,8910.33,9496.81
KO,5Y,2021-04-28,2026-03-20,10% OTM,30,Roll @50% Profit,0.29,0.06,-1.23,55,55,0,47.3,236.79,0,0.0,8910.33,8936.03
KO,5Y,2021-04-28,2026-03-20,10% OTM,30,Roll @75% Profit,1.7,0.35,0.0,43,43,0,48.8,193.55,0,0.0,8910.33,9061.88
KO,5Y,2021-04-28,2026-03-20,10% OTM,30,Roll @7d Before,0.55,0.11,-1.23,61,61,0,52.5,266.4,0,0.0,8910.33,8959.64
KO,5Y,2021-04-28,2026-03-20,10% OTM,45,Hold to Expiry,7.61,1.51,-3.29,27,26,1,96.3,277.9,1,413.0,8910.33,9588.23
KO,5Y,2021-04-28,2026-03-20,10% OTM,45,Roll @50% Profit,1.74,0.35,-1.06,38,38,0,73.7,337.99,0,0.0,8910.33,9065.4
KO,5Y,2021-04-28,2026-03-20,10% OTM,45,Roll @75% Profit,1.81,0.37,-0.52,30,30,0,66.7,237.72,0,0.0,8910.33,9071.26
KO,5Y,2021-04-28,2026-03-20,10% OTM,45,Roll @7d Before,2.78,0.56,-0.36,40,40,0,82.5,327.68,0,0.0,8910.33,9158.39
KO,5Y,2021-04-28,2026-03-20,10% OTM,60,Hold to Expiry,13.37,2.6,-6.22,21,19,2,90.5,291.24,2,670.0,8910.33,10101.57
KO,5Y,2021-04-28,2026-03-20,10% OTM,60,Roll @50% Profit,0.91,0.19,-2.6,29,29,0,82.8,474.33,0,0.0,8910.33,8991.56
KO,5Y,2021-04-28,2026-03-20,10% OTM,60,Roll @75% Profit,3.44,0.7,-1.64,23,23,0,82.6,504.55,0,0.0,8910.33,9217.23
KO,5Y,2021-04-28,2026-03-20,10% OTM,60,Roll @7d Before,4.07,0.82,-1.04,31,31,0,90.3,535.28,0,0.0,8910.33,9273.3
T,1Y,2025-05-02,2026-03-20,ATM,30,Hold to Expiry,11.47,13.12,-17.62,8,3,5,87.5,465.7,2,141.0,3187.8,3553.5
T,1Y,2025-05-02,2026-03-20,ATM,30,Roll @50% Profit,3.08,3.5,-10.16,11,11,0,63.6,803.89,0,0.0,3187.8,3285.93
T,1Y,2025-05-02,2026-03-20,ATM,30,Roll @75% Profit,5.55,6.32,-7.45,9,9,0,77.8,682.01,0,0.0,3187.8,3364.77
T,1Y,2025-05-02,2026-03-20,ATM,30,Roll @7d Before,12.93,14.8,-10.16,17,17,0,70.6,1386.34,0,0.0,3187.8,3599.86
T,1Y,2025-05-02,2026-03-20,ATM,45,Hold to Expiry,6.33,7.22,-15.01,5,3,2,60.0,301.87,1,221.0,3187.8,3389.67
T,1Y,2025-05-02,2026-03-20,ATM,45,Roll @50% Profit,12.45,14.25,-4.05,9,9,0,77.8,866.74,0,0.0,3187.8,3584.77
T,1Y,2025-05-02,2026-03-20,ATM,45,Roll @75% Profit,1.75,1.99,-11.76,6,6,0,83.3,549.43,0,0.0,3187.8,3243.61
T,1Y,2025-05-02,2026-03-20,ATM,45,Roll @7d Before,18.09,20.77,-9.69,13,13,0,84.6,1344.17,0,0.0,3187.8,3764.36
T,1Y,2025-05-02,2026-03-20,ATM,60,Hold to Expiry,6.13,6.99,-13.56,4,1,3,75.0,395.47,1,221.0,3187.8,3383.27
T,1Y,2025-05-02,2026-03-20,ATM,60,Roll @50% Profit,2.32,2.64,-9.35,7,7,0,71.4,767.1,0,0.0,3187.8,3261.9
T,1Y,2025-05-02,2026-03-20,ATM,60,Roll @75% Profit,5.33,6.08,-5.46,5,5,0,60.0,529.35,0,0.0,3187.8,3357.8
T,1Y,2025-05-02,2026-03-20,ATM,60,Roll @7d Before,27.74,32.04,-4.09,12,12,0,91.7,1498.09,0,0.0,3187.8,4072.21
T,1Y,2025-05-02,2026-03-20,3% OTM,30,Hold to Expiry,8.38,9.56,-13.79,8,4,4,87.5,236.06,0,0.0,3187.8,3454.86
T,1Y,2025-05-02,2026-03-20,3% OTM,30,Roll @50% Profit,1.27,1.44,-6.72,11,11,0,72.7,409.41,0,0.0,3187.8,3228.31
T,1Y,2025-05-02,2026-03-20,3% OTM,30,Roll @75% Profit,3.14,3.57,-4.14,9,9,0,77.8,327.86,0,0.0,3187.8,3287.75
T,1Y,2025-05-02,2026-03-20,3% OTM,30,Roll @7d Before,11.07,12.66,-6.72,17,17,0,82.4,811.58,0,0.0,3187.8,3540.75
T,1Y,2025-05-02,2026-03-20,3% OTM,45,Hold to Expiry,5.55,6.32,-13.56,5,3,2,80.0,176.9,1,221.0,3187.8,3364.7
T,1Y,2025-05-02,2026-03-20,3% OTM,45,Roll @50% Profit,8.08,9.22,-4.1,9,9,0,77.8,563.97,0,0.0,3187.8,3445.39
T,1Y,2025-05-02,2026-03-20,3% OTM,45,Roll @75% Profit,-0.42,-0.48,-10.24,6,6,0,83.3,378.98,0,0.0,3187.8,3174.42
T,1Y,2025-05-02,2026-03-20,3% OTM,45,Roll @7d Before,15.97,18.31,-6.55,13,13,0,84.6,875.57,0,0.0,3187.8,3696.76
T,1Y,2025-05-02,2026-03-20,3% OTM,60,Hold to Expiry,7.75,8.84,-7.86,4,2,2,75.0,246.91,1,221.0,3187.8,3434.71
T,1Y,2025-05-02,2026-03-20,3% OTM,60,Roll @50% Profit,2.24,2.55,-7.86,7,7,0,71.4,545.1,0,0.0,3187.8,3259.35
T,1Y,2025-05-02,2026-03-20,3% OTM,60,Roll @75% Profit,2.96,3.37,-3.86,5,5,0,60.0,348.96,0,0.0,3187.8,3282.12
T,1Y,2025-05-02,2026-03-20,3% OTM,60,Roll @7d Before,24.28,27.98,-4.1,12,12,0,91.7,1088.16,0,0.0,3187.8,3961.71
T,1Y,2025-05-02,2026-03-20,5% OTM,30,Hold to Expiry,4.9,5.58,-11.34,8,5,3,87.5,156.19,1,216.0,3187.8,3343.99
T,1Y,2025-05-02,2026-03-20,5% OTM,30,Roll @50% Profit,0.52,0.59,-5.56,11,11,0,72.7,300.59,0,0.0,3187.8,3204.5
T,1Y,2025-05-02,2026-03-20,5% OTM,30,Roll @75% Profit,3.53,4.01,-2.4,9,9,0,77.8,241.31,0,0.0,3187.8,3300.22
T,1Y,2025-05-02,2026-03-20,5% OTM,30,Roll @7d Before,6.21,7.08,-5.56,17,17,0,82.4,539.07,0,0.0,3187.8,3385.72
T,1Y,2025-05-02,2026-03-20,5% OTM,45,Hold to Expiry,4.43,5.04,-13.71,5,3,2,80.0,141.11,1,221.0,3187.8,3328.91
T,1Y,2025-05-02,2026-03-20,5% OTM,45,Roll @50% Profit,6.55,7.46,-2.16,9,9,0,88.9,332.51,0,0.0,3187.8,3396.5
T,1Y,2025-05-02,2026-03-20,5% OTM,45,Roll @75% Profit,-1.85,-2.1,-8.0,6,6,0,83.3,216.77,0,0.0,3187.8,3128.77
T,1Y,2025-05-02,2026-03-20,5% OTM,45,Roll @7d Before,12.78,14.63,-3.52,13,13,0,92.3,580.65,0,0.0,3187.8,3595.16
T,1Y,2025-05-02,2026-03-20,5% OTM,60,Hold to Expiry,6.15,7.0,-10.12,4,2,2,100.0,195.9,1,221.0,3187.8,3383.7
T,1Y,2025-05-02,2026-03-20,5% OTM,60,Roll @50% Profit,3.3,3.75,-4.52,7,7,0,71.4,341.09,0,0.0,3187.8,3292.92
T,1Y,2025-05-02,2026-03-20,5% OTM,60,Roll @75% Profit,4.44,5.06,-0.27,5,5,0,80.0,214.52,0,0.0,3187.8,3329.47
T,1Y,2025-05-02,2026-03-20,5% OTM,60,Roll @7d Before,18.68,21.46,-2.14,12,12,0,91.7,729.12,0,0.0,3187.8,3783.39
T,1Y,2025-05-02,2026-03-20,10% OTM,30,Hold to Expiry,9.41,10.74,-8.68,8,4,4,87.5,68.87,0,0.0,3187.8,3487.67
T,1Y,2025-05-02,2026-03-20,10% OTM,30,Roll @50% Profit,0.54,0.61,-1.2,11,11,0,81.8,66.08,0,0.0,3187.8,3204.89
T,1Y,2025-05-02,2026-03-20,10% OTM,30,Roll @75% Profit,2.07,2.36,0.0,9,9,0,66.7,74.13,0,0.0,3187.8,3253.93
T,1Y,2025-05-02,2026-03-20,10% OTM,30,Roll @7d Before,3.26,3.7,-1.2,17,17,0,88.2,161.13,0,0.0,3187.8,3291.6
T,1Y,2025-05-02,2026-03-20,10% OTM,45,Hold to Expiry,1.74,1.98,-8.71,5,3,2,80.0,55.56,1,221.0,3187.8,3243.36
T,1Y,2025-05-02,2026-03-20,10% OTM,45,Roll @50% Profit,3.57,4.06,-0.9,9,9,0,88.9,157.19,0,0.0,3187.8,3301.67
T,1Y,2025-05-02,2026-03-20,10% OTM,45,Roll @75% Profit,-2.24,-2.54,-5.24,6,6,0,83.3,104.29,0,0.0,3187.8,3116.26
T,1Y,2025-05-02,2026-03-20,10% OTM,45,Roll @7d Before,6.09,6.94,-1.43,13,13,0,92.3,253.56,0,0.0,3187.8,3381.86
T,1Y,2025-05-02,2026-03-20,10% OTM,60,Hold to Expiry,2.52,2.86,0.0,4,4,0,100.0,80.3,0,0.0,3187.8,3268.1
T,1Y,2025-05-02,2026-03-20,10% OTM,60,Roll @50% Profit,2.26,2.57,-2.44,7,7,0,85.7,176.86,0,0.0,3187.8,3259.76
T,1Y,2025-05-02,2026-03-20,10% OTM,60,Roll @75% Profit,2.99,3.4,0.0,5,5,0,100.0,101.11,0,0.0,3187.8,3283.21
T,1Y,2025-05-02,2026-03-20,10% OTM,60,Roll @7d Before,11.4,13.04,-0.36,12,12,0,91.7,400.29,0,0.0,3187.8,3551.22
T,3Y,2023-04-28,2026-03-20,ATM,30,Hold to Expiry,24.71,7.97,-15.65,24,12,12,87.5,1256.61,6,242.0,3187.8,3975.41
T,3Y,2023-04-28,2026-03-20,ATM,30,Roll @50% Profit,20.64,6.73,-6.8,33,33,0,75.8,1975.42,0,0.0,3187.8,3845.67
T,3Y,2023-04-28,2026-03-20,ATM,30,Roll @75% Profit,22.12,7.18,-5.61,26,26,0,84.6,1500.94,0,0.0,3187.8,3892.78
T,3Y,2023-04-28,2026-03-20,ATM,30,Roll @7d Before,30.39,9.65,-6.8,39,39,0,79.5,2557.86,0,0.0,3187.8,4156.58
T,3Y,2023-04-28,2026-03-20,ATM,45,Hold to Expiry,22.12,7.18,-16.11,16,9,7,81.2,905.2,4,250.0,3187.8,3893.0
T,3Y,2023-04-28,2026-03-20,ATM,45,Roll @50% Profit,15.96,5.28,-6.26,23,23,0,78.3,1544.63,0,0.0,3187.8,3696.66
T,3Y,2023-04-28,2026-03-20,ATM,45,Roll @75% Profit,13.79,4.59,-9.55,18,18,0,77.8,1250.66,0,0.0,3187.8,3627.51
T,3Y,2023-04-28,2026-03-20,ATM,45,Roll @7d Before,34.85,10.94,-4.49,26,26,0,84.6,2036.53,0,0.0,3187.8,4298.73
T,3Y,2023-04-28,2026-03-20,ATM,60,Hold to Expiry,20.39,6.65,-7.16,12,7,5,83.3,850.08,3,241.0,3187.8,3837.88
T,3Y,2023-04-28,2026-03-20,ATM,60,Roll @50% Profit,21.93,7.13,-7.45,18,18,0,83.3,1560.8,0,0.0,3187.8,3887.04
T,3Y,2023-04-28,2026-03-20,ATM,60,Roll @75% Profit,16.81,5.54,-4.3,14,14,0,78.6,1087.31,0,0.0,3187.8,3723.66
T,3Y,2023-04-28,2026-03-20,ATM,60,Roll @7d Before,32.35,10.22,-7.51,21,21,0,90.5,2050.3,0,0.0,3187.8,4219.17
T,3Y,2023-04-28,2026-03-20,3% OTM,30,Hold to Expiry,18.99,6.22,-17.76,24,16,8,91.7,705.28,3,330.0,3187.8,3793.08
T,3Y,2023-04-28,2026-03-20,3% OTM,30,Roll @50% Profit,15.3,5.07,-5.12,33,33,0,87.9,1096.43,0,0.0,3187.8,3675.59
T,3Y,2023-04-28,2026-03-20,3% OTM,30,Roll @75% Profit,13.7,4.56,-4.34,26,26,0,88.5,900.61,0,0.0,3187.8,3624.38
T,3Y,2023-04-28,2026-03-20,3% OTM,30,Roll @7d Before,24.28,7.84,-5.12,39,39,0,87.2,1498.6,0,0.0,3187.8,3961.76
T,3Y,2023-04-28,2026-03-20,3% OTM,45,Hold to Expiry,17.23,5.67,-12.56,16,11,5,87.5,649.27,2,362.0,3187.8,3737.07
T,3Y,2023-04-28,2026-03-20,3% OTM,45,Roll @50% Profit,15.27,5.06,-4.46,23,23,0,82.6,1137.15,0,0.0,3187.8,3674.55
T,3Y,2023-04-28,2026-03-20,3% OTM,45,Roll @75% Profit,7.38,2.5,-7.02,18,18,0,83.3,726.3,0,0.0,3187.8,3423.22
T,3Y,2023-04-28,2026-03-20,3% OTM,45,Roll @7d Before,25.69,8.26,-4.0,26,26,0,84.6,1464.48,0,0.0,3187.8,4006.87
T,3Y,2023-04-28,2026-03-20,3% OTM,60,Hold to Expiry,15.7,5.19,-8.52,12,8,4,83.3,700.38,3,241.0,3187.8,3688.18
T,3Y,2023-04-28,2026-03-20,3% OTM,60,Roll @50% Profit,14.96,4.96,-6.15,18,18,0,83.3,1006.42,0,0.0,3187.8,3664.71
T,3Y,2023-04-28,2026-03-20,3% OTM,60,Roll @75% Profit,10.7,3.59,-4.48,14,14,0,78.6,873.38,0,0.0,3187.8,3528.76
T,3Y,2023-04-28,2026-03-20,3% OTM,60,Roll @7d Before,24.73,7.97,-6.85,21,21,0,90.5,1432.37,0,0.0,3187.8,3976.02
T,3Y,2023-04-28,2026-03-20,5% OTM,30,Hold to Expiry,17.79,5.85,-9.26,24,17,7,91.7,567.0,2,356.0,3187.8,3754.8
T,3Y,2023-04-28,2026-03-20,5% OTM,30,Roll @50% Profit,10.19,3.43,-3.21,33,33,0,87.9,726.28,0,0.0,3187.8,3512.64
T,3Y,2023-04-28,2026-03-20,5% OTM,30,Roll @75% Profit,13.33,4.44,-1.51,26,26,0,92.3,547.92,0,0.0,3187.8,3612.66
T,3Y,2023-04-28,2026-03-20,5% OTM,30,Roll @7d Before,15.05,4.99,-3.21,39,39,0,87.2,964.77,0,0.0,3187.8,3667.6
T,3Y,2023-04-28,2026-03-20,5% OTM,45,Hold to Expiry,17.54,5.77,-10.48,16,11,5,93.8,459.0,2,362.0,3187.8,3746.8
T,3Y,2023-04-28,2026-03-20,5% OTM,45,Roll @50% Profit,11.0,3.69,-3.58,23,23,0,87.0,801.69,0,0.0,3187.8,3538.37
T,3Y,2023-04-28,2026-03-20,5% OTM,45,Roll @75% Profit,8.12,2.75,-5.08,18,18,0,88.9,552.8,0,0.0,3187.8,3446.75
T,3Y,2023-04-28,2026-03-20,5% OTM,45,Roll @7d Before,20.37,6.65,-2.22,26,26,0,84.6,969.96,0,0.0,3187.8,3837.03
T,3Y,2023-04-28,2026-03-20,5% OTM,60,Hold to Expiry,15.21,5.04,-6.96,12,10,2,83.3,484.91,2,362.0,3187.8,3672.71
T,3Y,2023-04-28,2026-03-20,5% OTM,60,Roll @50% Profit,10.29,3.46,-6.35,18,18,0,88.9,721.24,0,0.0,3187.8,3515.9
T,3Y,2023-04-28,2026-03-20,5% OTM,60,Roll @75% Profit,9.95,3.35,-1.7,14,14,0,78.6,552.96,0,0.0,3187.8,3505.0
T,3Y,2023-04-28,2026-03-20,5% OTM,60,Roll @7d Before,15.23,5.05,-6.36,21,21,0,90.5,972.43,0,0.0,3187.8,3673.44
T,3Y,2023-04-28,2026-03-20,10% OTM,30,Hold to Expiry,8.59,2.9,-8.45,24,17,7,91.7,173.86,2,356.0,3187.8,3461.66
T,3Y,2023-04-28,2026-03-20,10% OTM,30,Roll @50% Profit,3.02,1.04,-1.29,33,33,0,66.7,244.34,0,0.0,3187.8,3284.05
T,3Y,2023-04-28,2026-03-20,10% OTM,30,Roll @75% Profit,4.66,1.59,-0.03,26,26,0,73.1,203.61,0,0.0,3187.8,3336.27
T,3Y,2023-04-28,2026-03-20,10% OTM,30,Roll @7d Before,5.35,1.83,-1.29,39,39,0,71.8,339.39,0,0.0,3187.8,3358.4
T,3Y,2023-04-28,2026-03-20,10% OTM,45,Hold to Expiry,16.75,5.52,-8.46,16,11,5,93.8,234.03,2,362.0,3187.8,3721.83
T,3Y,2023-04-28,2026-03-20,10% OTM,45,Roll @50% Profit,5.19,1.77,-1.89,23,23,0,87.0,323.83,0,0.0,3187.8,3353.29
T,3Y,2023-04-28,2026-03-20,10% OTM,45,Roll @75% Profit,4.39,1.5,-0.03,18,18,0,94.4,200.11,0,0.0,3187.8,3327.69
T,3Y,2023-04-28,2026-03-20,10% OTM,45,Roll @7d Before,9.32,3.14,-1.18,26,26,0,92.3,418.74,0,0.0,3187.8,3484.88
T,3Y,2023-04-28,2026-03-20,10% OTM,60,Hold to Expiry,11.31,3.79,-3.79,12,10,2,91.7,260.6,1,182.0,3187.8,3548.4
T,3Y,2023-04-28,2026-03-20,10% OTM,60,Roll @50% Profit,5.86,2.0,-2.46,18,18,0,88.9,332.75,0,0.0,3187.8,3374.75
T,3Y,2023-04-28,2026-03-20,10% OTM,60,Roll @75% Profit,5.67,1.93,-1.7,14,14,0,92.9,311.89,0,0.0,3187.8,3368.62
T,3Y,2023-04-28,2026-03-20,10% OTM,60,Roll @7d Before,7.46,2.53,-5.04,21,21,0,85.7,537.29,0,0.0,3187.8,3425.66
T,5Y,2021-04-28,2026-03-20,ATM,30,Hold to Expiry,30.45,5.6,-14.04,40,9,31,92.5,1170.82,4,376.0,3187.8,4158.62
T,5Y,2021-04-28,2026-03-20,ATM,30,Roll @50% Profit,9.16,1.81,-19.19,55,55,0,67.3,2867.43,0,0.0,3187.8,3479.68
T,5Y,2021-04-28,2026-03-20,ATM,30,Roll @75% Profit,8.11,1.61,-11.08,43,43,0,69.8,2254.89,0,0.0,3187.8,3446.43
T,5Y,2021-04-28,2026-03-20,ATM,30,Roll @7d Before,21.12,4.0,-19.19,61,61,0,70.5,3478.26,0,0.0,3187.8,3861.06
T,5Y,2021-04-28,2026-03-20,ATM,45,Hold to Expiry,29.38,5.42,-14.98,27,10,17,81.5,1236.49,5,300.0,3187.8,4124.29
T,5Y,2021-04-28,2026-03-20,ATM,45,Roll @50% Profit,13.15,2.56,-11.24,38,38,0,68.4,2295.94,0,0.0,3187.8,3606.86
T,5Y,2021-04-28,2026-03-20,ATM,45,Roll @75% Profit,17.03,3.28,-9.11,30,30,0,70.0,2072.68,0,0.0,3187.8,3730.8
T,5Y,2021-04-28,2026-03-20,ATM,45,Roll @7d Before,18.47,3.53,-16.01,40,40,0,80.0,3006.38,0,0.0,3187.8,3776.55
T,5Y,2021-04-28,2026-03-20,ATM,60,Hold to Expiry,30.19,5.55,-14.19,21,7,14,85.7,1062.41,2,609.0,3187.8,4150.21
T,5Y,2021-04-28,2026-03-20,ATM,60,Roll @50% Profit,7.9,1.57,-17.81,29,29,0,65.5,2116.95,0,0.0,3187.8,3439.52
T,5Y,2021-04-28,2026-03-20,ATM,60,Roll @75% Profit,10.88,2.14,-11.51,23,23,0,69.6,1836.4,0,0.0,3187.8,3534.52
T,5Y,2021-04-28,2026-03-20,ATM,60,Roll @7d Before,26.84,4.99,-13.93,31,31,0,71.0,2611.85,0,0.0,3187.8,4043.41
T,5Y,2021-04-28,2026-03-20,3% OTM,30,Hold to Expiry,24.23,4.55,-14.93,40,12,28,95.0,772.43,2,604.0,3187.8,3960.23
T,5Y,2021-04-28,2026-03-20,3% OTM,30,Roll @50% Profit,4.36,0.88,-14.42,55,55,0,72.7,1861.48,0,0.0,3187.8,3326.84
T,5Y,2021-04-28,2026-03-20,3% OTM,30,Roll @75% Profit,2.37,0.48,-10.66,43,43,0,74.4,1326.72,0,0.0,3187.8,3263.35
T,5Y,2021-04-28,2026-03-20,3% OTM,30,Roll @7d Before,13.67,2.66,-14.42,61,61,0,73.8,2248.05,0,0.0,3187.8,3623.57
T,5Y,2021-04-28,2026-03-20,3% OTM,45,Hold to Expiry,23.95,4.5,-12.67,27,11,16,81.5,963.49,4,306.0,3187.8,3951.29
T,5Y,2021-04-28,2026-03-20,3% OTM,45,Roll @50% Profit,14.18,2.75,-6.78,38,38,0,76.3,1638.05,0,0.0,3187.8,3639.89
T,5Y,2021-04-28,2026-03-20,3% OTM,45,Roll @75% Profit,10.5,2.07,-9.99,30,30,0,73.3,1368.46,0,0.0,3187.8,3522.63
T,5Y,2021-04-28,2026-03-20,3% OTM,45,Roll @7d Before,14.62,2.83,-12.35,40,40,0,80.0,1994.25,0,0.0,3187.8,3653.72
T,5Y,2021-04-28,2026-03-20,3% OTM,60,Hold to Expiry,25.44,4.75,-14.19,21,7,14,85.7,810.89,2,609.0,3187.8,3998.69
T,5Y,2021-04-28,2026-03-20,3% OTM,60,Roll @50% Profit,6.01,1.2,-13.97,29,29,0,65.5,1376.21,0,0.0,3187.8,3379.34
T,5Y,2021-04-28,2026-03-20,3% OTM,60,Roll @75% Profit,7.19,1.43,-8.71,23,23,0,73.9,1186.48,0,0.0,3187.8,3417.06
T,5Y,2021-04-28,2026-03-20,3% OTM,60,Roll @7d Before,22.65,4.27,-11.98,31,31,0,74.2,1951.66,0,0.0,3187.8,3909.82
T,5Y,2021-04-28,2026-03-20,5% OTM,30,Hold to Expiry,22.19,4.19,-13.0,40,25,15,87.5,707.3,5,501.0,3187.8,3895.1
T,5Y,2021-04-28,2026-03-20,5% OTM,30,Roll @50% Profit,4.17,0.84,-10.2,55,55,0,76.4,1175.95,0,0.0,3187.8,3320.83
T,5Y,2021-04-28,2026-03-20,5% OTM,30,Roll @75% Profit,5.33,1.07,-7.44,43,43,0,79.1,847.11,0,0.0,3187.8,3357.74
T,5Y,2021-04-28,2026-03-20,5% OTM,30,Roll @7d Before,9.7,1.91,-10.2,61,61,0,77.0,1405.28,0,0.0,3187.8,3496.99
T,5Y,2021-04-28,2026-03-20,5% OTM,45,Hold to Expiry,23.52,4.42,-13.33,27,17,10,81.5,749.76,5,365.0,3187.8,3937.56
T,5Y,2021-04-28,2026-03-20,5% OTM,45,Roll @50% Profit,10.42,2.05,-6.35,38,38,0,76.3,1161.35,0,0.0,3187.8,3519.92
T,5Y,2021-04-28,2026-03-20,5% OTM,45,Roll @75% Profit,12.59,2.46,-6.55,30,30,0,80.0,906.09,0,0.0,3187.8,3589.04
T,5Y,2021-04-28,2026-03-20,5% OTM,45,Roll @7d Before,9.39,1.86,-10.84,40,40,0,82.5,1360.49,0,0.0,3187.8,3487.09
T,5Y,2021-04-28,2026-03-20,5% OTM,60,Hold to Expiry,15.65,3.02,-16.53,21,13,8,85.7,598.77,3,751.0,3187.8,3686.57
T,5Y,2021-04-28,2026-03-20,5% OTM,60,Roll @50% Profit,2.69,0.55,-12.9,29,29,0,69.0,1072.81,0,0.0,3187.8,3273.54
T,5Y,2021-04-28,2026-03-20,5% OTM,60,Roll @75% Profit,3.78,0.76,-6.92,23,23,0,73.9,884.02,0,0.0,3187.8,3308.43
T,5Y,2021-04-28,2026-03-20,5% OTM,60,Roll @7d Before,16.7,3.21,-9.16,31,31,0,80.6,1324.92,0,0.0,3187.8,3720.2
T,5Y,2021-04-28,2026-03-20,10% OTM,30,Hold to Expiry,17.44,3.35,-13.16,40,30,10,95.0,255.89,2,588.0,3187.8,3743.69
T,5Y,2021-04-28,2026-03-20,10% OTM,30,Roll @50% Profit,-0.44,-0.09,-5.0,55,55,0,67.3,382.11,0,0.0,3187.8,3173.63
T,5Y,2021-04-28,2026-03-20,10% OTM,30,Roll @75% Profit,0.97,0.2,-3.96,43,43,0,72.1,297.39,0,0.0,3187.8,3218.76
T,5Y,2021-04-28,2026-03-20,10% OTM,30,Roll @7d Before,1.75,0.36,-5.0,61,61,0,70.5,472.67,0,0.0,3187.8,3243.49
T,5Y,2021-04-28,2026-03-20,10% OTM,45,Hold to Expiry,20.76,3.94,-10.38,27,23,4,88.9,330.7,2,321.0,3187.8,3849.5
T,5Y,2021-04-28,2026-03-20,10% OTM,45,Roll @50% Profit,7.26,1.45,-1.89,38,38,0,76.3,480.86,0,0.0,3187.8,3419.38
T,5Y,2021-04-28,2026-03-20,10% OTM,45,Roll @75% Profit,6.0,1.2,-3.61,30,30,0,80.0,396.66,0,0.0,3187.8,3379.18
T,5Y,2021-04-28,2026-03-20,10% OTM,45,Roll @7d Before,1.74,0.35,-5.9,40,40,0,80.0,582.52,0,0.0,3187.8,3243.26
T,5Y,2021-04-28,2026-03-20,10% OTM,60,Hold to Expiry,26.3,4.9,-12.26,21,14,7,85.7,338.24,3,772.0,3187.8,4026.04
T,5Y,2021-04-28,2026-03-20,10% OTM,60,Roll @50% Profit,0.25,0.05,-7.93,29,29,0,72.4,444.57,0,0.0,3187.8,3195.65
T,5Y,2021-04-28,2026-03-20,10% OTM,60,Roll @75% Profit,2.08,0.42,-4.21,23,23,0,69.6,385.55,0,0.0,3187.8,3254.16
T,5Y,2021-04-28,2026-03-20,10% OTM,60,Roll @7d Before,11.78,2.31,-3.75,31,31,0,87.1,739.33,0,0.0,3187.8,3563.19
IWM,1Y,2025-05-02,2026-03-20,ATM,30,Hold to Expiry,9.11,10.41,-3.69,8,7,1,87.5,4777.48,0,0.0,29624.2,32323.69
IWM,1Y,2025-05-02,2026-03-20,ATM,30,Roll @50% Profit,9.47,10.82,-2.33,11,11,0,72.7,6726.84,0,0.0,29624.2,32429.49
IWM,1Y,2025-05-02,2026-03-20,ATM,30,Roll @75% Profit,11.78,13.48,-2.66,9,9,0,88.9,5664.44,0,0.0,29624.2,33114.88
IWM,1Y,2025-05-02,2026-03-20,ATM,30,Roll @7d Before,18.31,21.02,-1.83,17,17,0,88.2,10675.99,0,0.0,29624.2,35047.04
IWM,1Y,2025-05-02,2026-03-20,ATM,45,Hold to Expiry,4.37,4.97,-12.42,5,4,1,80.0,3971.19,1,183.0,29624.2,30917.39
IWM,1Y,2025-05-02,2026-03-20,ATM,45,Roll @50% Profit,12.94,14.81,-2.38,9,9,0,77.8,6909.31,0,0.0,29624.2,33457.59
IWM,1Y,2025-05-02,2026-03-20,ATM,45,Roll @75% Profit,10.39,11.87,-1.5,6,6,0,83.3,4662.12,0,0.0,29624.2,32700.81
IWM,1Y,2025-05-02,2026-03-20,ATM,45,Roll @7d Before,22.42,25.81,-0.81,13,13,0,92.3,10093.49,0,0.0,29624.2,36265.19
IWM,1Y,2025-05-02,2026-03-20,ATM,60,Hold to Expiry,5.04,5.74,-4.51,4,4,0,75.0,3671.2,0,0.0,29624.2,31117.4
IWM,1Y,2025-05-02,2026-03-20,ATM,60,Roll @50% Profit,10.57,12.08,-3.11,7,7,0,85.7,6298.36,0,0.0,29624.2,32754.42
IWM,1Y,2025-05-02,2026-03-20,ATM,60,Roll @75% Profit,10.77,12.32,0.0,5,5,0,100.0,4535.05,0,0.0,29624.2,32815.72
IWM,1Y,2025-05-02,2026-03-20,ATM,60,Roll @7d Before,26.91,31.07,0.0,12,12,0,100.0,10967.68,0,0.0,29624.2,37596.56
IWM,1Y,2025-05-02,2026-03-20,3% OTM,30,Hold to Expiry,5.36,6.1,-2.26,8,7,1,87.5,2864.6,0,0.0,29624.2,31210.8
IWM,1Y,2025-05-02,2026-03-20,3% OTM,30,Roll @50% Profit,7.86,8.97,-0.86,11,11,0,81.8,3630.77,0,0.0,29624.2,31953.68
IWM,1Y,2025-05-02,2026-03-20,3% OTM,30,Roll @75% Profit,7.95,9.07,-1.32,9,9,0,88.9,3096.81,0,0.0,29624.2,31978.51
IWM,1Y,2025-05-02,2026-03-20,3% OTM,30,Roll @7d Before,14.44,16.54,-0.86,17,17,0,88.2,5816.81,0,0.0,29624.2,33901.09
IWM,1Y,2025-05-02,2026-03-20,3% OTM,45,Hold to Expiry,3.4,3.87,-3.46,5,5,0,80.0,2385.04,0,0.0,29624.2,30631.24
IWM,1Y,2025-05-02,2026-03-20,3% OTM,45,Roll @50% Profit,10.65,12.17,-1.12,9,9,0,88.9,4239.54,0,0.0,29624.2,32777.71
IWM,1Y,2025-05-02,2026-03-20,3% OTM,45,Roll @75% Profit,8.58,9.79,-0.23,6,6,0,83.3,2914.99,0,0.0,29624.2,32165.75
IWM,1Y,2025-05-02,2026-03-20,3% OTM,45,Roll @7d Before,18.47,21.22,-0.14,13,13,0,92.3,6247.42,0,0.0,29624.2,35096.02
IWM,1Y,2025-05-02,2026-03-20,3% OTM,60,Hold to Expiry,3.71,4.22,-3.13,4,4,0,75.0,2477.18,0,0.0,29624.2,30723.38
IWM,1Y,2025-05-02,2026-03-20,3% OTM,60,Roll @50% Profit,9.69,11.07,-1.94,7,7,0,85.7,4216.34,0,0.0,29624.2,32495.54
IWM,1Y,2025-05-02,2026-03-20,3% OTM,60,Roll @75% Profit,9.67,11.04,0.0,5,5,0,100.0,3046.02,0,0.0,29624.2,32488.46
IWM,1Y,2025-05-02,2026-03-20,3% OTM,60,Roll @7d Before,22.84,26.3,0.0,12,12,0,100.0,7319.85,0,0.0,29624.2,36390.28
IWM,1Y,2025-05-02,2026-03-20,5% OTM,30,Hold to Expiry,3.65,4.16,-1.58,8,7,1,87.5,1860.68,0,0.0,29624.2,30706.88
IWM,1Y,2025-05-02,2026-03-20,5% OTM,30,Roll @50% Profit,5.94,6.76,-0.46,11,11,0,81.8,2331.52,0,0.0,29624.2,31382.57
IWM,1Y,2025-05-02,2026-03-20,5% OTM,30,Roll @75% Profit,5.7,6.5,-0.31,9,9,0,88.9,1977.52,0,0.0,29624.2,31314.11
IWM,1Y,2025-05-02,2026-03-20,5% OTM,30,Roll @7d Before,10.1,11.54,-0.46,17,17,0,88.2,3672.21,0,0.0,29624.2,32616.03
IWM,1Y,2025-05-02,2026-03-20,5% OTM,45,Hold to Expiry,2.97,3.37,-2.3,5,5,0,80.0,1756.79,0,0.0,29624.2,30503.0
IWM,1Y,2025-05-02,2026-03-20,5% OTM,45,Roll @50% Profit,8.19,9.35,-0.38,9,9,0,88.9,2959.04,0,0.0,29624.2,32051.54
IWM,1Y,2025-05-02,2026-03-20,5% OTM,45,Roll @75% Profit,6.62,7.54,0.0,6,6,0,100.0,2062.95,0,0.0,29624.2,31584.56
IWM,1Y,2025-05-02,2026-03-20,5% OTM,45,Roll @7d Before,13.78,15.78,0.0,13,13,0,100.0,4333.74,0,0.0,29624.2,33705.04
IWM,1Y,2025-05-02,2026-03-20,5% OTM,60,Hold to Expiry,3.66,4.17,-1.77,4,4,0,75.0,1863.12,0,0.0,29624.2,30709.33
IWM,1Y,2025-05-02,2026-03-20,5% OTM,60,Roll @50% Profit,7.98,9.1,-1.23,7,7,0,85.7,3130.42,0,0.0,29624.2,31987.45
IWM,1Y,2025-05-02,2026-03-20,5% OTM,60,Roll @75% Profit,7.58,8.65,0.0,5,5,0,100.0,2265.58,0,0.0,29624.2,31869.26
IWM,1Y,2025-05-02,2026-03-20,5% OTM,60,Roll @7d Before,17.66,20.27,0.0,12,12,0,100.0,5378.56,0,0.0,29624.2,34854.37
IWM,1Y,2025-05-02,2026-03-20,10% OTM,30,Hold to Expiry,1.87,2.13,0.0,8,8,0,100.0,555.44,0,0.0,29624.2,30179.64
IWM,1Y,2025-05-02,2026-03-20,10% OTM,30,Roll @50% Profit,2.12,2.41,0.0,11,11,0,100.0,656.07,0,0.0,29624.2,30252.03
IWM,1Y,2025-05-02,2026-03-20,10% OTM,30,Roll @75% Profit,2.0,2.28,0.0,9,9,0,100.0,601.2,0,0.0,29624.2,30217.41
IWM,1Y,2025-05-02,2026-03-20,10% OTM,30,Roll @7d Before,3.03,3.45,0.0,17,17,0,100.0,940.41,0,0.0,29624.2,30523.01
IWM,1Y,2025-05-02,2026-03-20,10% OTM,45,Hold to Expiry,2.55,2.9,0.0,5,5,0,100.0,756.46,0,0.0,29624.2,30380.66
IWM,1Y,2025-05-02,2026-03-20,10% OTM,45,Roll @50% Profit,3.67,4.18,0.0,9,9,0,100.0,1115.92,0,0.0,29624.2,30712.84
IWM,1Y,2025-05-02,2026-03-20,10% OTM,45,Roll @75% Profit,2.8,3.18,0.0,6,6,0,100.0,834.05,0,0.0,29624.2,30453.25
IWM,1Y,2025-05-02,2026-03-20,10% OTM,45,Roll @7d Before,5.04,5.75,0.0,13,13,0,100.0,1508.54,0,0.0,29624.2,31118.65
IWM,1Y,2025-05-02,2026-03-20,10% OTM,60,Hold to Expiry,3.11,3.54,0.0,4,4,0,100.0,922.63,0,0.0,29624.2,30546.83
IWM,1Y,2025-05-02,2026-03-20,10% OTM,60,Roll @50% Profit,4.33,4.93,-0.15,7,7,0,85.7,1393.21,0,0.0,29624.2,30907.59
IWM,1Y,2025-05-02,2026-03-20,10% OTM,60,Roll @75% Profit,3.58,4.08,0.0,5,5,0,100.0,1065.64,0,0.0,29624.2,30685.84
IWM,1Y,2025-05-02,2026-03-20,10% OTM,60,Roll @7d Before,7.49,8.54,0.0,12,12,0,100.0,2229.37,0,0.0,29624.2,31842.58
IWM,3Y,2023-04-28,2026-03-20,ATM,30,Hold to Expiry,18.25,5.99,-16.83,24,13,11,83.3,9985.16,4,286.0,29624.2,35031.36
IWM,3Y,2023-04-28,2026-03-20,ATM,30,Roll @50% Profit,15.25,5.05,-4.85,33,33,0,69.7,17688.64,0,0.0,29624.2,34141.34
IWM,3Y,2023-04-28,2026-03-20,ATM,30,Roll @75% Profit,11.57,3.87,-10.16,26,26,0,76.9,13856.91,0,0.0,29624.2,33052.96
IWM,3Y,2023-04-28,2026-03-20,ATM,30,Roll @7d Before,24.01,7.75,-4.85,39,39,0,76.9,21637.8,0,0.0,29624.2,36735.82
IWM,3Y,2023-04-28,2026-03-20,ATM,45,Hold to Expiry,18.43,6.05,-13.29,16,10,6,81.2,9537.31,4,356.0,29624.2,35083.52
IWM,3Y,2023-04-28,2026-03-20,ATM,45,Roll @50% Profit,14.81,4.91,-5.28,23,23,0,60.9,14995.47,0,0.0,29624.2,34012.64
IWM,3Y,2023-04-28,2026-03-20,ATM,45,Roll @75% Profit,8.55,2.89,-5.91,18,18,0,72.2,11808.45,0,0.0,29624.2,32158.25
IWM,3Y,2023-04-28,2026-03-20,ATM,45,Roll @7d Before,22.67,7.35,-7.77,26,26,0,80.8,17369.58,0,0.0,29624.2,36340.1
IWM,3Y,2023-04-28,2026-03-20,ATM,60,Hold to Expiry,19.57,6.4,-13.65,12,8,4,83.3,7675.96,4,228.0,29624.2,35422.17
IWM,3Y,2023-04-28,2026-03-20,ATM,60,Roll @50% Profit,8.98,3.03,-11.91,18,18,0,72.2,13405.71,0,0.0,29624.2,32284.42
IWM,3Y,2023-04-28,2026-03-20,ATM,60,Roll @75% Profit,9.64,3.25,-4.95,14,14,0,71.4,10700.31,0,0.0,29624.2,32481.21
IWM,3Y,2023-04-28,2026-03-20,ATM,60,Roll @7d Before,29.09,9.27,-2.9,21,21,0,81.0,16411.11,0,0.0,29624.2,38241.63
IWM,3Y,2023-04-28,2026-03-20,3% OTM,30,Hold to Expiry,16.41,5.42,-15.11,24,16,8,91.7,5839.41,2,371.0,29624.2,34485.62
IWM,3Y,2023-04-28,2026-03-20,3% OTM,30,Roll @50% Profit,12.18,4.07,-2.69,33,33,0,75.8,9386.26,0,0.0,29624.2,33233.8
IWM,3Y,2023-04-28,2026-03-20,3% OTM,30,Roll @75% Profit,5.94,2.02,-8.15,26,26,0,84.6,7350.69,0,0.0,29624.2,31383.29
IWM,3Y,2023-04-28,2026-03-20,3% OTM,30,Roll @7d Before,18.63,6.11,-2.69,39,39,0,79.5,11572.3,0,0.0,29624.2,35144.65
IWM,3Y,2023-04-28,2026-03-20,3% OTM,45,Hold to Expiry,17.15,5.65,-11.5,16,13,3,87.5,6159.72,2,344.0,29624.2,34705.92
IWM,3Y,2023-04-28,2026-03-20,3% OTM,45,Roll @50% Profit,12.87,4.29,-3.53,23,23,0,65.2,8953.21,0,0.0,29624.2,33437.03
IWM,3Y,2023-04-28,2026-03-20,3% OTM,45,Roll @75% Profit,7.29,2.47,-4.84,18,18,0,77.8,7127.93,0,0.0,29624.2,31783.03
IWM,3Y,2023-04-28,2026-03-20,3% OTM,45,Roll @7d Before,17.97,5.9,-6.11,26,26,0,80.8,10533.91,0,0.0,29624.2,34946.63
IWM,3Y,2023-04-28,2026-03-20,3% OTM,60,Hold to Expiry,13.96,4.64,-10.7,12,10,2,83.3,4836.26,2,334.0,29624.2,33760.47
IWM,3Y,2023-04-28,2026-03-20,3% OTM,60,Roll @50% Profit,7.14,2.42,-10.34,18,18,0,88.9,8564.62,0,0.0,29624.2,31739.14
IWM,3Y,2023-04-28,2026-03-20,3% OTM,60,Roll @75% Profit,8.15,2.76,-3.29,14,14,0,71.4,7066.99,0,0.0,29624.2,32037.93
IWM,3Y,2023-04-28,2026-03-20,3% OTM,60,Roll @7d Before,24.7,7.96,-1.96,21,21,0,85.7,10537.69,0,0.0,29624.2,36940.18
IWM,3Y,2023-04-28,2026-03-20,5% OTM,30,Hold to Expiry,12.1,4.04,-12.37,24,19,5,83.3,3962.32,2,340.0,29624.2,33208.53
IWM,3Y,2023-04-28,2026-03-20,5% OTM,30,Roll @50% Profit,9.97,3.35,-1.82,33,33,0,78.8,5788.22,0,0.0,29624.2,32577.87
IWM,3Y,2023-04-28,2026-03-20,5% OTM,30,Roll @75% Profit,3.09,1.06,-6.27,26,26,0,84.6,4484.11,0,0.0,29624.2,30539.12
IWM,3Y,2023-04-28,2026-03-20,5% OTM,30,Roll @7d Before,14.08,4.68,-1.82,39,39,0,82.1,7128.9,0,0.0,29624.2,33794.37
IWM,3Y,2023-04-28,2026-03-20,5% OTM,45,Hold to Expiry,17.64,5.8,-4.51,16,14,2,81.2,4402.24,2,344.0,29624.2,34848.45
IWM,3Y,2023-04-28,2026-03-20,5% OTM,45,Roll @50% Profit,10.45,3.51,-2.45,23,23,0,69.6,6027.83,0,0.0,29624.2,32718.82
IWM,3Y,2023-04-28,2026-03-20,5% OTM,45,Roll @75% Profit,6.82,2.32,-3.81,18,18,0,77.8,4905.32,0,0.0,29624.2,31645.5
IWM,3Y,2023-04-28,2026-03-20,5% OTM,45,Roll @7d Before,12.8,4.27,-5.35,26,26,0,88.5,7131.19,0,0.0,29624.2,33415.75
IWM,3Y,2023-04-28,2026-03-20,5% OTM,60,Hold to Expiry,10.96,3.67,-11.93,12,10,2,83.3,3745.57,2,334.0,29624.2,32869.77
IWM,3Y,2023-04-28,2026-03-20,5% OTM,60,Roll @50% Profit,5.34,1.82,-9.34,18,18,0,88.9,6214.51,0,0.0,29624.2,31206.14
IWM,3Y,2023-04-28,2026-03-20,5% OTM,60,Roll @75% Profit,7.18,2.43,-2.19,14,14,0,78.6,5141.56,0,0.0,29624.2,31749.98
IWM,3Y,2023-04-28,2026-03-20,5% OTM,60,Roll @7d Before,19.84,6.48,-1.11,21,21,0,85.7,7624.02,0,0.0,29624.2,35501.7
IWM,3Y,2023-04-28,2026-03-20,10% OTM,30,Hold to Expiry,4.32,1.48,-11.04,24,22,2,100.0,1180.74,1,526.0,29624.2,30904.94
IWM,3Y,2023-04-28,2026-03-20,10% OTM,30,Roll @50% Profit,3.76,1.29,-0.26,33,33,0,84.8,1409.58,0,0.0,29624.2,30738.63
IWM,3Y,2023-04-28,2026-03-20,10% OTM,30,Roll @75% Profit,2.41,0.83,-0.86,26,26,0,88.5,1134.07,0,0.0,29624.2,30337.98
IWM,3Y,2023-04-28,2026-03-20,10% OTM,30,Roll @7d Before,4.69,1.6,-0.26,39,39,0,87.2,1693.92,0,0.0,29624.2,31013.51
IWM,3Y,2023-04-28,2026-03-20,10% OTM,45,Hold to Expiry,4.83,1.65,0.0,16,16,0,100.0,1432.04,0,0.0,29624.2,31056.24
IWM,3Y,2023-04-28,2026-03-20,10% OTM,45,Roll @50% Profit,5.41,1.84,-0.3,23,23,0,78.3,2043.06,0,0.0,29624.2,31226.05
IWM,3Y,2023-04-28,2026-03-20,10% OTM,45,Roll @75% Profit,4.07,1.39,-1.07,18,18,0,94.4,1565.87,0,0.0,29624.2,30829.07
IWM,3Y,2023-04-28,2026-03-20,10% OTM,45,Roll @7d Before,3.89,1.33,-3.01,26,26,0,88.5,2276.94,0,0.0,29624.2,30777.1
IWM,3Y,2023-04-28,2026-03-20,10% OTM,60,Hold to Expiry,12.64,4.22,-11.55,12,10,2,83.3,1743.4,2,334.0,29624.2,33367.6
IWM,3Y,2023-04-28,2026-03-20,10% OTM,60,Roll @50% Profit,-0.13,-0.05,-6.83,18,18,0,88.9,2395.56,0,0.0,29624.2,29584.88
IWM,3Y,2023-04-28,2026-03-20,10% OTM,60,Roll @75% Profit,6.37,2.17,-0.03,14,14,0,92.9,2125.51,0,0.0,29624.2,31511.25
IWM,3Y,2023-04-28,2026-03-20,10% OTM,60,Roll @7d Before,8.93,3.01,0.0,21,21,0,100.0,2802.99,0,0.0,29624.2,32268.78
IWM,5Y,2021-04-28,2026-03-20,ATM,30,Hold to Expiry,19.99,3.8,-17.65,40,9,31,87.5,10299.13,5,445.0,29624.2,35545.33
IWM,5Y,2021-04-28,2026-03-20,ATM,30,Roll @50% Profit,13.68,2.66,-12.76,55,55,0,67.3,30396.13,0,0.0,29624.2,33676.8
IWM,5Y,2021-04-28,2026-03-20,ATM,30,Roll @75% Profit,17.73,3.4,-10.72,43,43,0,72.1,23863.94,0,0.0,29624.2,34876.31
IWM,5Y,2021-04-28,2026-03-20,ATM,30,Roll @7d Before,21.22,4.02,-12.76,61,61,0,70.5,34341.64,0,0.0,29624.2,35911.14
IWM,5Y,2021-04-28,2026-03-20,ATM,45,Hold to Expiry,15.59,3.01,-22.59,27,7,20,88.9,8596.74,4,551.0,29624.2,34242.94
IWM,5Y,2021-04-28,2026-03-20,ATM,45,Roll @50% Profit,15.17,2.94,-9.86,38,38,0,71.1,25447.13,0,0.0,29624.2,34118.15
IWM,5Y,2021-04-28,2026-03-20,ATM,45,Roll @75% Profit,12.39,2.42,-12.33,30,30,0,73.3,19932.17,0,0.0,29624.2,33294.72
IWM,5Y,2021-04-28,2026-03-20,ATM,45,Roll @7d Before,24.85,4.65,-9.82,40,40,0,77.5,27727.43,0,0.0,29624.2,36984.44
IWM,5Y,2021-04-28,2026-03-20,ATM,60,Hold to Expiry,21.57,4.08,-15.56,21,7,14,85.7,9767.94,3,365.0,29624.2,36014.15
IWM,5Y,2021-04-28,2026-03-20,ATM,60,Roll @50% Profit,3.41,0.69,-12.89,29,29,0,69.0,22535.22,0,0.0,29624.2,30633.58
IWM,5Y,2021-04-28,2026-03-20,ATM,60,Roll @75% Profit,2.59,0.53,-10.56,23,23,0,73.9,17008.14,0,0.0,29624.2,30392.83
IWM,5Y,2021-04-28,2026-03-20,ATM,60,Roll @7d Before,31.26,5.73,-8.47,31,31,0,80.6,25056.16,0,0.0,29624.2,38885.43
IWM,5Y,2021-04-28,2026-03-20,3% OTM,30,Hold to Expiry,19.64,3.74,-19.4,40,10,30,90.0,6995.41,3,733.0,29624.2,35441.61
IWM,5Y,2021-04-28,2026-03-20,3% OTM,30,Roll @50% Profit,11.77,2.31,-8.15,55,55,0,70.9,17039.57,0,0.0,29624.2,33109.55
IWM,5Y,2021-04-28,2026-03-20,3% OTM,30,Roll @75% Profit,14.47,2.81,-8.91,43,43,0,83.7,13182.51,0,0.0,29624.2,33911.19
IWM,5Y,2021-04-28,2026-03-20,3% OTM,30,Roll @7d Before,17.87,3.43,-8.15,61,61,0,73.8,19222.96,0,0.0,29624.2,34917.49
IWM,5Y,2021-04-28,2026-03-20,3% OTM,45,Hold to Expiry,15.27,2.96,-18.18,27,10,17,88.9,6402.87,2,942.0,29624.2,34149.08
IWM,5Y,2021-04-28,2026-03-20,3% OTM,45,Roll @50% Profit,13.48,2.63,-6.75,38,38,0,71.1,15829.66,0,0.0,29624.2,33618.21
IWM,5Y,2021-04-28,2026-03-20,3% OTM,45,Roll @75% Profit,11.01,2.16,-10.14,30,30,0,83.3,12294.14,0,0.0,29624.2,32884.92
IWM,5Y,2021-04-28,2026-03-20,3% OTM,45,Roll @7d Before,19.78,3.77,-7.89,40,40,0,87.5,17233.04,0,0.0,29624.2,35485.06
IWM,5Y,2021-04-28,2026-03-20,3% OTM,60,Hold to Expiry,23.7,4.45,-18.56,21,6,15,95.2,8598.2,2,548.0,29624.2,36644.41
IWM,5Y,2021-04-28,2026-03-20,3% OTM,60,Roll @50% Profit,2.77,0.56,-11.12,29,29,0,69.0,14908.88,0,0.0,29624.2,30445.71
IWM,5Y,2021-04-28,2026-03-20,3% OTM,60,Roll @75% Profit,0.76,0.15,-9.35,23,23,0,73.9,11035.02,0,0.0,29624.2,29848.3
IWM,5Y,2021-04-28,2026-03-20,3% OTM,60,Roll @7d Before,28.01,5.19,-6.29,31,31,0,80.6,16708.58,0,0.0,29624.2,37922.49
IWM,5Y,2021-04-28,2026-03-20,5% OTM,30,Hold to Expiry,16.36,3.15,-12.89,40,22,18,92.5,6125.54,2,852.0,29624.2,34471.74
IWM,5Y,2021-04-28,2026-03-20,5% OTM,30,Roll @50% Profit,9.44,1.86,-6.27,55,55,0,74.5,10883.2,0,0.0,29624.2,32420.21
IWM,5Y,2021-04-28,2026-03-20,5% OTM,30,Roll @75% Profit,11.01,2.16,-7.6,43,43,0,90.7,8505.56,0,0.0,29624.2,32885.32
IWM,5Y,2021-04-28,2026-03-20,5% OTM,30,Roll @7d Before,13.59,2.64,-6.27,61,61,0,77.0,12221.96,0,0.0,29624.2,33648.97
IWM,5Y,2021-04-28,2026-03-20,5% OTM,45,Hold to Expiry,15.63,3.02,-17.1,27,10,17,92.6,5308.29,2,942.0,29624.2,34254.49
IWM,5Y,2021-04-28,2026-03-20,5% OTM,45,Roll @50% Profit,11.06,2.17,-4.9,38,38,0,76.3,11101.91,0,0.0,29624.2,32901.99
IWM,5Y,2021-04-28,2026-03-20,5% OTM,45,Roll @75% Profit,8.71,1.73,-8.57,30,30,0,86.7,8550.18,0,0.0,29624.2,32204.13
IWM,5Y,2021-04-28,2026-03-20,5% OTM,45,Roll @7d Before,14.08,2.74,-7.07,40,40,0,87.5,12066.9,0,0.0,29624.2,33796.43
IWM,5Y,2021-04-28,2026-03-20,5% OTM,60,Hold to Expiry,22.69,4.28,-13.86,21,8,13,95.2,6620.5,2,944.0,29624.2,36344.7
IWM,5Y,2021-04-28,2026-03-20,5% OTM,60,Roll @50% Profit,1.57,0.32,-10.0,29,29,0,79.3,10938.12,0,0.0,29624.2,30088.16
IWM,5Y,2021-04-28,2026-03-20,5% OTM,60,Roll @75% Profit,0.11,0.02,-8.32,23,23,0,73.9,8059.82,0,0.0,29624.2,29658.09
IWM,5Y,2021-04-28,2026-03-20,5% OTM,60,Roll @7d Before,22.94,4.32,-4.99,31,31,0,83.9,12257.61,0,0.0,29624.2,36421.09
IWM,5Y,2021-04-28,2026-03-20,10% OTM,30,Hold to Expiry,20.42,3.88,-17.37,40,12,28,100.0,3150.54,1,1053.0,29624.2,35674.75
IWM,5Y,2021-04-28,2026-03-20,10% OTM,30,Roll @50% Profit,4.37,0.88,-2.05,55,55,0,87.3,2971.14,0,0.0,29624.2,30920.07
IWM,5Y,2021-04-28,2026-03-20,10% OTM,30,Roll @75% Profit,1.48,0.3,-4.56,43,43,0,95.3,2360.19,0,0.0,29624.2,30063.58
IWM,5Y,2021-04-28,2026-03-20,10% OTM,30,Roll @7d Before,5.31,1.07,-2.05,61,61,0,88.5,3254.94,0,0.0,29624.2,31197.88
IWM,5Y,2021-04-28,2026-03-20,10% OTM,45,Hold to Expiry,23.8,4.47,-18.06,27,7,20,96.3,3250.69,1,1103.0,29624.2,36674.89
IWM,5Y,2021-04-28,2026-03-20,10% OTM,45,Roll @50% Profit,6.17,1.23,-1.64,38,38,0,81.6,3925.26,0,0.0,29624.2,31450.92
IWM,5Y,2021-04-28,2026-03-20,10% OTM,45,Roll @75% Profit,2.19,0.45,-5.99,30,30,0,93.3,2942.76,0,0.0,29624.2,30274.12
IWM,5Y,2021-04-28,2026-03-20,10% OTM,45,Roll @7d Before,5.13,1.03,-4.23,40,40,0,87.5,4173.35,0,0.0,29624.2,31143.07
IWM,5Y,2021-04-28,2026-03-20,10% OTM,60,Hold to Expiry,25.85,4.82,-10.54,21,13,8,90.5,3858.0,2,853.0,29624.2,37282.2
IWM,5Y,2021-04-28,2026-03-20,10% OTM,60,Roll @50% Profit,-1.77,-0.37,-7.28,29,29,0,82.8,4457.52,0,0.0,29624.2,29099.26
IWM,5Y,2021-04-28,2026-03-20,10% OTM,60,Roll @75% Profit,0.85,0.17,-3.27,23,23,0,82.6,3251.24,0,0.0,29624.2,29875.15
IWM,5Y,2021-04-28,2026-03-20,10% OTM,60,Roll @7d Before,11.45,2.25,-2.81,31,31,0,87.1,5130.73,0,0.0,29624.2,33016.06
QQQM,1Y,2025-05-02,2026-03-20,ATM,30,Hold to Expiry,5.72,6.52,-3.8,8,6,2,87.5,4080.46,1,185.0,28760.3,30404.75
QQQM,1Y,2025-05-02,2026-03-20,ATM,30,Roll @50% Profit,11.16,12.76,-1.71,11,11,0,81.8,5939.93,0,0.0,28760.3,31970.57
QQQM,1Y,2025-05-02,2026-03-20,ATM,30,Roll @75% Profit,10.73,12.27,-1.45,9,9,0,77.8,4876.94,0,0.0,28760.3,31847.69
QQQM,1Y,2025-05-02,2026-03-20,ATM,30,Roll @7d Before,18.32,21.04,-1.54,17,17,0,94.1,9104.04,0,0.0,28760.3,34029.98
QQQM,1Y,2025-05-02,2026-03-20,ATM,45,Hold to Expiry,5.65,6.44,-4.61,5,5,0,80.0,3661.34,0,0.0,28760.3,30385.63
QQQM,1Y,2025-05-02,2026-03-20,ATM,45,Roll @50% Profit,13.2,15.11,-0.11,9,9,0,88.9,6043.26,0,0.0,28760.3,32556.25
QQQM,1Y,2025-05-02,2026-03-20,ATM,45,Roll @75% Profit,8.9,10.17,-1.48,6,6,0,83.3,4236.24,0,0.0,28760.3,31320.76
QQQM,1Y,2025-05-02,2026-03-20,ATM,45,Roll @7d Before,19.27,22.15,-0.17,13,13,0,92.3,8530.93,0,0.0,28760.3,34303.55
QQQM,1Y,2025-05-02,2026-03-20,ATM,60,Hold to Expiry,5.94,6.77,-5.21,4,3,1,100.0,3543.47,0,0.0,28760.3,30467.77
QQQM,1Y,2025-05-02,2026-03-20,ATM,60,Roll @50% Profit,13.28,15.21,-0.49,7,7,0,85.7,5716.11,0,0.0,28760.3,32580.61
QQQM,1Y,2025-05-02,2026-03-20,ATM,60,Roll @75% Profit,8.45,9.65,-1.15,5,5,0,60.0,4122.28,0,0.0,28760.3,31190.52
QQQM,1Y,2025-05-02,2026-03-20,ATM,60,Roll @7d Before,22.38,25.76,0.0,12,12,0,100.0,9102.3,0,0.0,28760.3,35196.47
QQQM,1Y,2025-05-02,2026-03-20,3% OTM,30,Hold to Expiry,4.2,4.78,-2.2,8,7,1,87.5,2342.6,0,0.0,28760.3,29966.9
QQQM,1Y,2025-05-02,2026-03-20,3% OTM,30,Roll @50% Profit,8.24,9.41,-0.57,11,11,0,90.9,3014.92,0,0.0,28760.3,31131.42
QQQM,1Y,2025-05-02,2026-03-20,3% OTM,30,Roll @75% Profit,8.27,9.43,0.0,9,9,0,100.0,2522.37,0,0.0,28760.3,31137.75
QQQM,1Y,2025-05-02,2026-03-20,3% OTM,30,Roll @7d Before,13.2,15.12,-0.57,17,17,0,94.1,4554.75,0,0.0,28760.3,32557.33
QQQM,1Y,2025-05-02,2026-03-20,3% OTM,45,Hold to Expiry,3.64,4.15,-3.16,5,5,0,80.0,2284.16,0,0.0,28760.3,29808.46
QQQM,1Y,2025-05-02,2026-03-20,3% OTM,45,Roll @50% Profit,11.05,12.64,0.0,9,9,0,100.0,3573.61,0,0.0,28760.3,31938.99
QQQM,1Y,2025-05-02,2026-03-20,3% OTM,45,Roll @75% Profit,7.99,9.12,-0.28,6,6,0,83.3,2574.22,0,0.0,28760.3,31058.11
QQQM,1Y,2025-05-02,2026-03-20,3% OTM,45,Roll @7d Before,15.46,17.72,0.0,13,13,0,100.0,4907.11,0,0.0,28760.3,33205.51
QQQM,1Y,2025-05-02,2026-03-20,3% OTM,60,Hold to Expiry,4.37,4.97,-2.31,4,4,0,75.0,2292.48,0,0.0,28760.3,30016.78
QQQM,1Y,2025-05-02,2026-03-20,3% OTM,60,Roll @50% Profit,11.78,13.47,0.0,7,7,0,100.0,3745.85,0,0.0,28760.3,32147.2
QQQM,1Y,2025-05-02,2026-03-20,3% OTM,60,Roll @75% Profit,8.09,9.23,0.0,5,5,0,100.0,2678.26,0,0.0,28760.3,31087.64
QQQM,1Y,2025-05-02,2026-03-20,3% OTM,60,Roll @7d Before,18.75,21.54,0.0,12,12,0,100.0,5759.62,0,0.0,28760.3,34153.32
QQQM,1Y,2025-05-02,2026-03-20,5% OTM,30,Hold to Expiry,3.01,3.42,-2.28,8,7,1,87.5,1501.68,0,0.0,28760.3,29625.98
QQQM,1Y,2025-05-02,2026-03-20,5% OTM,30,Roll @50% Profit,5.78,6.59,-0.17,11,11,0,90.9,1840.64,0,0.0,28760.3,30423.94
QQQM,1Y,2025-05-02,2026-03-20,5% OTM,30,Roll @75% Profit,5.43,6.18,0.0,9,9,0,100.0,1569.26,0,0.0,28760.3,30320.82
QQQM,1Y,2025-05-02,2026-03-20,5% OTM,30,Roll @7d Before,8.47,9.66,-0.17,17,17,0,94.1,2663.71,0,0.0,28760.3,31195.16
QQQM,1Y,2025-05-02,2026-03-20,5% OTM,45,Hold to Expiry,3.24,3.69,-1.95,5,5,0,80.0,1669.23,0,0.0,28760.3,29693.52
QQQM,1Y,2025-05-02,2026-03-20,5% OTM,45,Roll @50% Profit,8.05,9.18,0.0,9,9,0,100.0,2427.95,0,0.0,28760.3,31074.75
QQQM,1Y,2025-05-02,2026-03-20,5% OTM,45,Roll @75% Profit,6.1,6.95,0.0,6,6,0,100.0,1803.4,0,0.0,28760.3,30513.98
QQQM,1Y,2025-05-02,2026-03-20,5% OTM,45,Roll @7d Before,10.96,12.53,0.0,13,13,0,100.0,3249.71,0,0.0,28760.3,31911.47
QQQM,1Y,2025-05-02,2026-03-20,5% OTM,60,Hold to Expiry,4.22,4.8,-1.11,4,4,0,75.0,1748.67,0,0.0,28760.3,29972.96
QQQM,1Y,2025-05-02,2026-03-20,5% OTM,60,Roll @50% Profit,9.07,10.35,0.0,7,7,0,100.0,2733.77,0,0.0,28760.3,31368.14
QQQM,1Y,2025-05-02,2026-03-20,5% OTM,60,Roll @75% Profit,6.82,7.78,0.0,5,5,0,100.0,2005.18,0,0.0,28760.3,30721.51
QQQM,1Y,2025-05-02,2026-03-20,5% OTM,60,Roll @7d Before,13.86,15.87,0.0,12,12,0,100.0,4058.79,0,0.0,28760.3,32746.32
QQQM,1Y,2025-05-02,2026-03-20,10% OTM,30,Hold to Expiry,1.87,2.13,0.0,8,8,0,100.0,538.19,0,0.0,28760.3,29298.49
QQQM,1Y,2025-05-02,2026-03-20,10% OTM,30,Roll @50% Profit,2.07,2.35,0.0,11,11,0,81.8,605.23,0,0.0,28760.3,29354.74
QQQM,1Y,2025-05-02,2026-03-20,10% OTM,30,Roll @75% Profit,1.89,2.15,0.0,9,9,0,88.9,552.15,0,0.0,28760.3,29304.44
QQQM,1Y,2025-05-02,2026-03-20,10% OTM,30,Roll @7d Before,2.4,2.73,0.0,17,17,0,88.2,706.22,0,0.0,28760.3,29449.73
QQQM,1Y,2025-05-02,2026-03-20,10% OTM,45,Hold to Expiry,2.83,3.22,0.0,5,5,0,100.0,814.99,0,0.0,28760.3,29575.29
QQQM,1Y,2025-05-02,2026-03-20,10% OTM,45,Roll @50% Profit,3.32,3.78,0.0,9,9,0,100.0,962.89,0,0.0,28760.3,29715.18
QQQM,1Y,2025-05-02,2026-03-20,10% OTM,45,Roll @75% Profit,2.82,3.21,0.0,6,6,0,100.0,816.76,0,0.0,28760.3,29572.05
QQQM,1Y,2025-05-02,2026-03-20,10% OTM,45,Roll @7d Before,3.82,4.34,0.0,13,13,0,100.0,1109.55,0,0.0,28760.3,29857.85
QQQM,1Y,2025-05-02,2026-03-20,10% OTM,60,Hold to Expiry,3.39,3.86,0.0,4,4,0,100.0,976.1,0,0.0,28760.3,29736.4
QQQM,1Y,2025-05-02,2026-03-20,10% OTM,60,Roll @50% Profit,4.32,4.92,0.0,7,7,0,100.0,1250.47,0,0.0,28760.3,30003.9
QQQM,1Y,2025-05-02,2026-03-20,10% OTM,60,Roll @75% Profit,3.61,4.11,0.0,5,5,0,100.0,1042.18,0,0.0,28760.3,29798.48
QQQM,1Y,2025-05-02,2026-03-20,10% OTM,60,Roll @7d Before,5.6,6.38,0.0,12,12,0,100.0,1621.15,0,0.0,28760.3,30370.45
QQQM,3Y,2023-04-28,2026-03-20,ATM,30,Hold to Expiry,20.04,6.54,-14.14,24,16,8,91.7,9199.14,4,270.0,28760.3,34523.44
QQQM,3Y,2023-04-28,2026-03-20,ATM,30,Roll @50% Profit,17.56,5.77,-5.23,33,33,0,78.8,14437.33,0,0.0,28760.3,33809.5
QQQM,3Y,2023-04-28,2026-03-20,ATM,30,Roll @75% Profit,12.58,4.2,-7.88,26,26,0,76.9,11203.73,0,0.0,28760.3,32378.9
QQQM,3Y,2023-04-28,2026-03-20,ATM,30,Roll @7d Before,24.77,7.98,-5.23,39,39,0,84.6,17601.44,0,0.0,28760.3,35884.32
QQQM,3Y,2023-04-28,2026-03-20,ATM,45,Hold to Expiry,21.1,6.87,-11.47,16,13,3,93.8,8604.88,2,436.0,28760.3,34829.17
QQQM,3Y,2023-04-28,2026-03-20,ATM,45,Roll @50% Profit,21.15,6.89,-1.64,23,23,0,73.9,12268.56,0,0.0,28760.3,34842.89
QQQM,3Y,2023-04-28,2026-03-20,ATM,45,Roll @75% Profit,13.75,4.57,-2.78,18,18,0,72.2,9894.02,0,0.0,28760.3,32715.78
QQQM,3Y,2023-04-28,2026-03-20,ATM,45,Roll @7d Before,20.18,6.59,-8.23,26,26,0,92.3,14253.04,0,0.0,28760.3,34562.76
QQQM,3Y,2023-04-28,2026-03-20,ATM,60,Hold to Expiry,14.95,4.95,-9.58,12,10,2,75.0,6735.64,2,334.0,28760.3,33059.94
QQQM,3Y,2023-04-28,2026-03-20,ATM,60,Roll @50% Profit,12.54,4.19,-10.54,18,18,0,83.3,11159.29,0,0.0,28760.3,32366.28
QQQM,3Y,2023-04-28,2026-03-20,ATM,60,Roll @75% Profit,17.02,5.61,-2.98,14,14,0,85.7,8857.85,0,0.0,28760.3,33656.68
QQQM,3Y,2023-04-28,2026-03-20,ATM,60,Roll @7d Before,23.67,7.65,-1.95,21,21,0,81.0,12903.95,0,0.0,28760.3,35566.77
QQQM,3Y,2023-04-28,2026-03-20,3% OTM,30,Hold to Expiry,12.45,4.16,-12.01,24,20,4,95.8,4718.08,2,324.0,28760.3,32342.38
QQQM,3Y,2023-04-28,2026-03-20,3% OTM,30,Roll @50% Profit,10.77,3.62,-4.14,33,33,0,84.8,7094.46,0,0.0,28760.3,31858.59
QQQM,3Y,2023-04-28,2026-03-20,3% OTM,30,Roll @75% Profit,6.73,2.29,-6.17,26,26,0,88.5,5526.77,0,0.0,28760.3,30694.54
QQQM,3Y,2023-04-28,2026-03-20,3% OTM,30,Roll @7d Before,15.72,5.2,-4.14,39,39,0,87.2,8634.29,0,0.0,28760.3,33282.59
QQQM,3Y,2023-04-28,2026-03-20,3% OTM,45,Hold to Expiry,14.31,4.75,-3.78,16,15,1,93.8,5150.55,1,551.0,28760.3,32874.85
QQQM,3Y,2023-04-28,2026-03-20,3% OTM,45,Roll @50% Profit,15.41,5.1,-0.81,23,23,0,82.6,6803.29,0,0.0,28760.3,33192.86
QQQM,3Y,2023-04-28,2026-03-20,3% OTM,45,Roll @75% Profit,11.5,3.85,-1.42,18,18,0,77.8,5646.21,0,0.0,28760.3,32068.57
QQQM,3Y,2023-04-28,2026-03-20,3% OTM,45,Roll @7d Before,13.14,4.38,-7.09,26,26,0,92.3,7850.46,0,0.0,28760.3,32538.52
QQQM,3Y,2023-04-28,2026-03-20,3% OTM,60,Hold to Expiry,12.85,4.28,-9.9,12,10,2,75.0,4530.42,2,334.0,28760.3,32454.71
QQQM,3Y,2023-04-28,2026-03-20,3% OTM,60,Roll @50% Profit,8.21,2.78,-9.96,18,18,0,94.4,6776.33,0,0.0,28760.3,31122.24
QQQM,3Y,2023-04-28,2026-03-20,3% OTM,60,Roll @75% Profit,14.93,4.95,-1.84,14,14,0,92.9,5455.63,0,0.0,28760.3,33054.84
QQQM,3Y,2023-04-28,2026-03-20,3% OTM,60,Roll @7d Before,19.13,6.27,-0.99,21,21,0,85.7,7666.26,0,0.0,28760.3,34263.37
QQQM,3Y,2023-04-28,2026-03-20,5% OTM,30,Hold to Expiry,8.88,3.0,-11.47,24,22,2,95.8,2754.26,1,526.0,28760.3,31314.55
QQQM,3Y,2023-04-28,2026-03-20,5% OTM,30,Roll @50% Profit,6.79,2.31,-3.16,33,33,0,84.8,4177.23,0,0.0,28760.3,30713.76
QQQM,3Y,2023-04-28,2026-03-20,5% OTM,30,Roll @75% Profit,3.71,1.27,-4.21,26,26,0,88.5,3254.18,0,0.0,28760.3,29828.05
QQQM,3Y,2023-04-28,2026-03-20,5% OTM,30,Roll @7d Before,9.46,3.19,-3.16,39,39,0,87.2,5000.3,0,0.0,28760.3,31482.32
QQQM,3Y,2023-04-28,2026-03-20,5% OTM,45,Hold to Expiry,9.63,3.24,-1.64,16,16,0,93.8,3405.35,0,0.0,28760.3,31529.65
QQQM,3Y,2023-04-28,2026-03-20,5% OTM,45,Roll @50% Profit,11.23,3.76,-0.47,23,23,0,82.6,4528.37,0,0.0,28760.3,31989.7
QQQM,3Y,2023-04-28,2026-03-20,5% OTM,45,Roll @75% Profit,9.77,3.29,-0.61,18,18,0,83.3,3808.01,0,0.0,28760.3,31569.83
QQQM,3Y,2023-04-28,2026-03-20,5% OTM,45,Roll @7d Before,7.4,2.51,-6.32,26,26,0,92.3,5053.33,0,0.0,28760.3,30888.03
QQQM,3Y,2023-04-28,2026-03-20,5% OTM,60,Hold to Expiry,14.71,4.88,-9.78,12,10,2,91.7,3367.07,2,334.0,28760.3,32991.37
QQQM,3Y,2023-04-28,2026-03-20,5% OTM,60,Roll @50% Profit,4.65,1.59,-9.19,18,18,0,94.4,4685.98,0,0.0,28760.3,30097.12
QQQM,3Y,2023-04-28,2026-03-20,5% OTM,60,Roll @75% Profit,11.75,3.93,-1.02,14,14,0,92.9,3865.96,0,0.0,28760.3,32138.64
QQQM,3Y,2023-04-28,2026-03-20,5% OTM,60,Roll @7d Before,13.93,4.63,-0.46,21,21,0,85.7,5042.17,0,0.0,28760.3,32765.57
QQQM,3Y,2023-04-28,2026-03-20,10% OTM,30,Hold to Expiry,10.05,3.38,-3.0,24,23,1,95.8,891.05,1,526.0,28760.3,31651.34
QQQM,3Y,2023-04-28,2026-03-20,10% OTM,30,Roll @50% Profit,2.24,0.77,-0.92,33,33,0,78.8,1059.97,0,0.0,28760.3,29404.81
QQQM,3Y,2023-04-28,2026-03-20,10% OTM,30,Roll @75% Profit,2.34,0.81,-0.32,26,26,0,80.8,840.64,0,0.0,28760.3,29434.06
QQQM,3Y,2023-04-28,2026-03-20,10% OTM,30,Roll @7d Before,2.57,0.89,-0.92,39,39,0,82.1,1160.96,0,0.0,28760.3,29499.8
QQQM,3Y,2023-04-28,2026-03-20,10% OTM,45,Hold to Expiry,4.33,1.48,0.0,16,16,0,100.0,1246.09,0,0.0,28760.3,30006.39
QQQM,3Y,2023-04-28,2026-03-20,10% OTM,45,Roll @50% Profit,4.51,1.54,-0.07,23,23,0,91.3,1515.67,0,0.0,28760.3,30056.1
QQQM,3Y,2023-04-28,2026-03-20,10% OTM,45,Roll @75% Profit,4.29,1.47,0.0,18,18,0,100.0,1258.4,0,0.0,28760.3,29995.16
QQQM,3Y,2023-04-28,2026-03-20,10% OTM,45,Roll @7d Before,0.5,0.17,-3.96,26,26,0,88.5,1534.49,0,0.0,28760.3,28903.47
QQQM,3Y,2023-04-28,2026-03-20,10% OTM,60,Hold to Expiry,13.3,4.43,-5.26,12,11,1,91.7,1526.19,1,548.0,28760.3,32586.49
QQQM,3Y,2023-04-28,2026-03-20,10% OTM,60,Roll @50% Profit,-1.36,-0.47,-6.97,18,18,0,94.4,1754.3,0,0.0,28760.3,28369.34
QQQM,3Y,2023-04-28,2026-03-20,10% OTM,60,Roll @75% Profit,5.7,1.94,-0.05,14,14,0,92.9,1675.15,0,0.0,28760.3,30398.32
QQQM,3Y,2023-04-28,2026-03-20,10% OTM,60,Roll @7d Before,4.85,1.66,0.0,21,21,0,100.0,1477.32,0,0.0,28760.3,30156.43
QQQM,5Y,2021-04-28,2026-03-20,ATM,30,Hold to Expiry,27.37,5.08,-18.37,40,20,20,87.5,11108.52,5,706.0,28760.3,36632.81
QQQM,5Y,2021-04-28,2026-03-20,ATM,30,Roll @50% Profit,15.19,2.94,-11.69,55,55,0,78.2,23338.02,0,0.0,28760.3,33128.93
QQQM,5Y,2021-04-28,2026-03-20,ATM,30,Roll @75% Profit,14.8,2.87,-11.82,43,43,0,79.1,18373.41,0,0.0,28760.3,33015.54
QQQM,5Y,2021-04-28,2026-03-20,ATM,30,Roll @7d Before,21.68,4.1,-11.69,61,61,0,80.3,26489.7,0,0.0,28760.3,34994.92
QQQM,5Y,2021-04-28,2026-03-20,ATM,45,Hold to Expiry,26.96,5.01,-12.89,27,13,14,85.2,10190.63,4,873.0,28760.3,36514.92
QQQM,5Y,2021-04-28,2026-03-20,ATM,45,Roll @50% Profit,21.84,4.13,-9.37,38,38,0,81.6,19671.44,0,0.0,28760.3,35042.84
QQQM,5Y,2021-04-28,2026-03-20,ATM,45,Roll @75% Profit,11.03,2.17,-9.59,30,30,0,76.7,14846.47,0,0.0,28760.3,31932.58
QQQM,5Y,2021-04-28,2026-03-20,ATM,45,Roll @7d Before,23.55,4.43,-7.95,40,40,0,75.0,21042.8,0,0.0,28760.3,35534.43
QQQM,5Y,2021-04-28,2026-03-20,ATM,60,Hold to Expiry,22.26,4.2,-15.5,21,12,9,81.0,9338.5,4,700.0,28760.3,35162.8
QQQM,5Y,2021-04-28,2026-03-20,ATM,60,Roll @50% Profit,9.84,1.94,-9.95,29,29,0,75.9,16841.09,0,0.0,28760.3,31591.44
QQQM,5Y,2021-04-28,2026-03-20,ATM,60,Roll @75% Profit,12.92,2.52,-11.55,23,23,0,78.3,12983.78,0,0.0,28760.3,32477.39
QQQM,5Y,2021-04-28,2026-03-20,ATM,60,Roll @7d Before,25.5,4.76,-9.35,31,31,0,80.6,19029.2,0,0.0,28760.3,36094.7
QQQM,5Y,2021-04-28,2026-03-20,3% OTM,30,Hold to Expiry,18.4,3.52,-15.11,40,21,19,97.5,6428.35,2,774.0,28760.3,34052.64
QQQM,5Y,2021-04-28,2026-03-20,3% OTM,30,Roll @50% Profit,6.71,1.34,-8.26,55,55,0,80.0,12281.58,0,0.0,28760.3,30691.27
QQQM,5Y,2021-04-28,2026-03-20,3% OTM,30,Roll @75% Profit,6.91,1.38,-9.37,43,43,0,83.7,9622.18,0,0.0,28760.3,30747.77
QQQM,5Y,2021-04-28,2026-03-20,3% OTM,30,Roll @7d Before,11.25,2.21,-8.26,61,61,0,82.0,13816.45,0,0.0,28760.3,31995.36
QQQM,5Y,2021-04-28,2026-03-20,3% OTM,45,Hold to Expiry,21.24,4.03,-12.22,27,15,12,88.9,6845.31,2,827.0,28760.3,34869.6
QQQM,5Y,2021-04-28,2026-03-20,3% OTM,45,Roll @50% Profit,14.5,2.81,-7.75,38,38,0,84.2,11730.1,0,0.0,28760.3,32929.16
QQQM,5Y,2021-04-28,2026-03-20,3% OTM,45,Roll @75% Profit,4.42,0.89,-9.06,30,30,0,86.7,8642.63,0,0.0,28760.3,30032.76
QQQM,5Y,2021-04-28,2026-03-20,3% OTM,45,Roll @7d Before,15.88,3.07,-6.29,40,40,0,82.5,12293.49,0,0.0,28760.3,33327.98
QQQM,5Y,2021-04-28,2026-03-20,3% OTM,60,Hold to Expiry,15.04,2.91,-12.32,21,14,7,90.5,5960.33,2,762.0,28760.3,33084.63
QQQM,5Y,2021-04-28,2026-03-20,3% OTM,60,Roll @50% Profit,5.27,1.06,-9.11,29,29,0,79.3,10589.86,0,0.0,28760.3,30275.22
QQQM,5Y,2021-04-28,2026-03-20,3% OTM,60,Roll @75% Profit,9.46,1.87,-10.02,23,23,0,87.0,8131.51,0,0.0,28760.3,31481.8
QQQM,5Y,2021-04-28,2026-03-20,3% OTM,60,Roll @7d Before,18.63,3.56,-7.62,31,31,0,83.9,12090.96,0,0.0,28760.3,34117.22
QQQM,5Y,2021-04-28,2026-03-20,5% OTM,30,Hold to Expiry,13.09,2.55,-14.17,40,27,13,95.0,3865.92,2,774.0,28760.3,32526.21
QQQM,5Y,2021-04-28,2026-03-20,5% OTM,30,Roll @50% Profit,2.82,0.57,-6.17,55,55,0,81.8,7732.55,0,0.0,28760.3,29570.31
QQQM,5Y,2021-04-28,2026-03-20,5% OTM,30,Roll @75% Profit,2.86,0.58,-7.58,43,43,0,88.4,6177.32,0,0.0,28760.3,29583.84
QQQM,5Y,2021-04-28,2026-03-20,5% OTM,30,Roll @7d Before,5.51,1.11,-6.17,61,61,0,83.6,8553.84,0,0.0,28760.3,30345.59
QQQM,5Y,2021-04-28,2026-03-20,5% OTM,45,Hold to Expiry,15.92,3.07,-8.91,27,21,6,92.6,5315.56,1,551.0,28760.3,33339.85
QQQM,5Y,2021-04-28,2026-03-20,5% OTM,45,Roll @50% Profit,9.32,1.84,-6.7,38,38,0,89.5,8015.79,0,0.0,28760.3,31440.16
QQQM,5Y,2021-04-28,2026-03-20,5% OTM,45,Roll @75% Profit,0.73,0.15,-8.4,30,30,0,90.0,5841.0,0,0.0,28760.3,28969.06
QQQM,5Y,2021-04-28,2026-03-20,5% OTM,45,Roll @7d Before,9.83,1.94,-5.24,40,40,0,85.0,8184.98,0,0.0,28760.3,31586.68
QQQM,5Y,2021-04-28,2026-03-20,5% OTM,60,Hold to Expiry,13.39,2.61,-11.68,21,15,6,95.2,4349.93,2,762.0,28760.3,32610.23
QQQM,5Y,2021-04-28,2026-03-20,5% OTM,60,Roll @50% Profit,1.58,0.32,-8.45,29,29,0,79.3,7575.62,0,0.0,28760.3,29214.74
QQQM,5Y,2021-04-28,2026-03-20,5% OTM,60,Roll @75% Profit,5.96,1.19,-8.82,23,23,0,87.0,5752.05,0,0.0,28760.3,30473.06
QQQM,5Y,2021-04-28,2026-03-20,5% OTM,60,Roll @7d Before,12.75,2.49,-6.32,31,31,0,83.9,8688.64,0,0.0,28760.3,32425.81
QQQM,5Y,2021-04-28,2026-03-20,10% OTM,30,Hold to Expiry,14.09,2.74,-6.04,40,39,1,97.5,1953.64,1,1022.0,28760.3,32813.93
QQQM,5Y,2021-04-28,2026-03-20,10% OTM,30,Roll @50% Profit,0.1,0.02,-3.4,55,55,0,74.5,2354.92,0,0.0,28760.3,28787.8
QQQM,5Y,2021-04-28,2026-03-20,10% OTM,30,Roll @75% Profit,-0.5,-0.1,-4.15,43,43,0,81.4,1905.47,0,0.0,28760.3,28616.49
QQQM,5Y,2021-04-28,2026-03-20,10% OTM,30,Roll @7d Before,0.44,0.09,-3.4,61,61,0,77.0,2459.89,0,0.0,28760.3,28886.77
QQQM,5Y,2021-04-28,2026-03-20,10% OTM,45,Hold to Expiry,8.57,1.7,-9.12,27,22,5,96.3,2464.62,1,505.0,28760.3,31224.91
QQQM,5Y,2021-04-28,2026-03-20,10% OTM,45,Roll @50% Profit,2.0,0.41,-3.99,38,38,0,86.8,2939.36,0,0.0,28760.3,29336.91
QQQM,5Y,2021-04-28,2026-03-20,10% OTM,45,Roll @75% Profit,-2.46,-0.51,-5.62,30,30,0,86.7,2037.65,0,0.0,28760.3,28052.15
QQQM,5Y,2021-04-28,2026-03-20,10% OTM,45,Roll @7d Before,2.14,0.43,-2.81,40,40,0,87.5,2677.92,0,0.0,28760.3,29375.44
QQQM,5Y,2021-04-28,2026-03-20,10% OTM,60,Hold to Expiry,12.42,2.43,-10.36,21,17,4,95.2,2272.07,2,731.0,28760.3,32332.36
QQQM,5Y,2021-04-28,2026-03-20,10% OTM,60,Roll @50% Profit,-2.98,-0.62,-5.97,29,29,0,86.2,3105.89,0,0.0,28760.3,27902.16
QQQM,5Y,2021-04-28,2026-03-20,10% OTM,60,Roll @75% Profit,0.94,0.19,-5.44,23,23,0,91.3,2312.73,0,0.0,28760.3,29030.69
QQQM,5Y,2021-04-28,2026-03-20,10% OTM,60,Roll @7d Before,4.53,0.91,-2.73,31,31,0,83.9,3582.83,0,0.0,28760.3,30064.13
SCHD,1Y,2025-05-02,2026-03-20,ATM,30,Hold to Expiry,8.81,10.06,-3.82,8,6,2,87.5,369.88,2,108.0,3504.6,3813.48
SCHD,1Y,2025-05-02,2026-03-20,ATM,30,Roll @50% Profit,5.15,5.86,-1.82,11,11,0,63.6,504.18,0,0.0,3504.6,3684.93
SCHD,1Y,2025-05-02,2026-03-20,ATM,30,Roll @75% Profit,5.38,6.13,-2.1,9,9,0,66.7,455.72,0,0.0,3504.6,3693.19
SCHD,1Y,2025-05-02,2026-03-20,ATM,30,Roll @7d Before,9.17,10.48,-1.24,17,17,0,76.5,826.69,0,0.0,3504.6,3826.1
SCHD,1Y,2025-05-02,2026-03-20,ATM,45,Hold to Expiry,8.07,9.2,-4.26,5,3,2,100.0,282.66,1,183.0,3504.6,3787.26
SCHD,1Y,2025-05-02,2026-03-20,ATM,45,Roll @50% Profit,7.85,8.95,-0.81,9,9,0,88.9,532.07,0,0.0,3504.6,3779.59
SCHD,1Y,2025-05-02,2026-03-20,ATM,45,Roll @75% Profit,5.7,6.49,-0.91,6,6,0,83.3,338.53,0,0.0,3504.6,3704.34
SCHD,1Y,2025-05-02,2026-03-20,ATM,45,Roll @7d Before,12.79,14.64,-0.17,13,13,0,92.3,784.24,0,0.0,3504.6,3952.9
SCHD,1Y,2025-05-02,2026-03-20,ATM,60,Hold to Expiry,7.96,9.09,0.0,4,4,0,100.0,279.02,0,0.0,3504.6,3783.62
SCHD,1Y,2025-05-02,2026-03-20,ATM,60,Roll @50% Profit,8.76,10.0,0.0,7,7,0,100.0,457.07,0,0.0,3504.6,3811.64
SCHD,1Y,2025-05-02,2026-03-20,ATM,60,Roll @75% Profit,7.36,8.39,-0.06,5,5,0,80.0,370.34,0,0.0,3504.6,3762.39
SCHD,1Y,2025-05-02,2026-03-20,ATM,60,Roll @7d Before,13.78,15.79,0.0,12,12,0,100.0,762.01,0,0.0,3504.6,3987.68
SCHD,1Y,2025-05-02,2026-03-20,3% OTM,30,Hold to Expiry,4.95,5.64,0.0,8,8,0,100.0,173.53,0,0.0,3504.6,3678.13
SCHD,1Y,2025-05-02,2026-03-20,3% OTM,30,Roll @50% Profit,5.48,6.24,-0.03,11,11,0,90.9,231.69,0,0.0,3504.6,3696.5
SCHD,1Y,2025-05-02,2026-03-20,3% OTM,30,Roll @75% Profit,4.35,4.96,-0.51,9,9,0,88.9,200.28,0,0.0,3504.6,3657.16
SCHD,1Y,2025-05-02,2026-03-20,3% OTM,30,Roll @7d Before,7.76,8.85,-0.19,17,17,0,94.1,324.4,0,0.0,3504.6,3776.5
SCHD,1Y,2025-05-02,2026-03-20,3% OTM,45,Hold to Expiry,4.57,5.21,0.0,5,5,0,100.0,160.31,0,0.0,3504.6,3664.91
SCHD,1Y,2025-05-02,2026-03-20,3% OTM,45,Roll @50% Profit,6.23,7.11,0.0,9,9,0,100.0,251.79,0,0.0,3504.6,3723.11
SCHD,1Y,2025-05-02,2026-03-20,3% OTM,45,Roll @75% Profit,6.35,7.23,0.0,6,6,0,100.0,227.44,0,0.0,3504.6,3726.97
SCHD,1Y,2025-05-02,2026-03-20,3% OTM,45,Roll @7d Before,9.37,10.7,0.0,13,13,0,100.0,342.21,0,0.0,3504.6,3833.02
SCHD,1Y,2025-05-02,2026-03-20,3% OTM,60,Hold to Expiry,5.2,5.93,0.0,4,4,0,100.0,182.32,0,0.0,3504.6,3686.92
SCHD,1Y,2025-05-02,2026-03-20,3% OTM,60,Roll @50% Profit,7.03,8.01,0.0,7,7,0,100.0,253.13,0,0.0,3504.6,3750.84
SCHD,1Y,2025-05-02,2026-03-20,3% OTM,60,Roll @75% Profit,6.13,6.98,0.0,5,5,0,100.0,218.74,0,0.0,3504.6,3719.34
SCHD,1Y,2025-05-02,2026-03-20,3% OTM,60,Roll @7d Before,11.96,13.68,0.0,12,12,0,100.0,431.09,0,0.0,3504.6,3923.81
SCHD,1Y,2025-05-02,2026-03-20,5% OTM,30,Hold to Expiry,2.73,3.11,0.0,8,8,0,100.0,95.82,0,0.0,3504.6,3600.42
SCHD,1Y,2025-05-02,2026-03-20,5% OTM,30,Roll @50% Profit,2.3,2.62,0.0,11,11,0,90.9,93.89,0,0.0,3504.6,3585.33
SCHD,1Y,2025-05-02,2026-03-20,5% OTM,30,Roll @75% Profit,2.36,2.69,0.0,9,9,0,100.0,90.87,0,0.0,3504.6,3587.47
SCHD,1Y,2025-05-02,2026-03-20,5% OTM,30,Roll @7d Before,2.57,2.92,0.0,17,17,0,94.1,109.21,0,0.0,3504.6,3594.6
SCHD,1Y,2025-05-02,2026-03-20,5% OTM,45,Hold to Expiry,3.11,3.53,0.0,5,5,0,100.0,108.85,0,0.0,3504.6,3613.45
SCHD,1Y,2025-05-02,2026-03-20,5% OTM,45,Roll @50% Profit,4.0,4.55,0.0,9,9,0,88.9,148.23,0,0.0,3504.6,3644.83
SCHD,1Y,2025-05-02,2026-03-20,5% OTM,45,Roll @75% Profit,2.91,3.31,0.0,6,6,0,100.0,107.14,0,0.0,3504.6,3606.67
SCHD,1Y,2025-05-02,2026-03-20,5% OTM,45,Roll @7d Before,4.14,4.72,0.0,13,13,0,100.0,158.13,0,0.0,3504.6,3649.83
SCHD,1Y,2025-05-02,2026-03-20,5% OTM,60,Hold to Expiry,3.98,4.53,0.0,4,4,0,100.0,139.39,0,0.0,3504.6,3643.99
SCHD,1Y,2025-05-02,2026-03-20,5% OTM,60,Roll @50% Profit,4.69,5.34,0.0,7,7,0,100.0,171.28,0,0.0,3504.6,3668.99
SCHD,1Y,2025-05-02,2026-03-20,5% OTM,60,Roll @75% Profit,3.47,3.95,0.0,5,5,0,100.0,125.57,0,0.0,3504.6,3626.17
SCHD,1Y,2025-05-02,2026-03-20,5% OTM,60,Roll @7d Before,5.14,5.86,0.0,12,12,0,100.0,191.28,0,0.0,3504.6,3684.88
SCHD,1Y,2025-05-02,2026-03-20,10% OTM,30,Hold to Expiry,1.0,1.13,0.0,8,8,0,100.0,35.01,0,0.0,3504.6,3539.61
SCHD,1Y,2025-05-02,2026-03-20,10% OTM,30,Roll @50% Profit,0.8,0.91,0.0,11,11,0,18.2,38.01,0,0.0,3504.6,3532.61
SCHD,1Y,2025-05-02,2026-03-20,10% OTM,30,Roll @75% Profit,0.83,0.95,0.0,9,9,0,33.3,37.26,0,0.0,3504.6,3533.86
SCHD,1Y,2025-05-02,2026-03-20,10% OTM,30,Roll @7d Before,0.8,0.91,0.0,17,17,0,11.8,44.01,0,0.0,3504.6,3532.61
SCHD,1Y,2025-05-02,2026-03-20,10% OTM,45,Hold to Expiry,1.39,1.57,0.0,5,5,0,100.0,48.56,0,0.0,3504.6,3553.16
SCHD,1Y,2025-05-02,2026-03-20,10% OTM,45,Roll @50% Profit,1.29,1.47,0.0,9,9,0,33.3,53.32,0,0.0,3504.6,3549.92
SCHD,1Y,2025-05-02,2026-03-20,10% OTM,45,Roll @75% Profit,1.28,1.45,0.0,6,6,0,50.0,49.78,0,0.0,3504.6,3549.38
SCHD,1Y,2025-05-02,2026-03-20,10% OTM,45,Roll @7d Before,1.28,1.46,0.0,13,13,0,30.8,57.03,0,0.0,3504.6,3549.63
SCHD,1Y,2025-05-02,2026-03-20,10% OTM,60,Hold to Expiry,1.78,2.03,0.0,4,4,0,100.0,62.48,0,0.0,3504.6,3567.08
SCHD,1Y,2025-05-02,2026-03-20,10% OTM,60,Roll @50% Profit,1.74,1.98,0.0,7,7,0,57.1,67.13,0,0.0,3504.6,3565.73
SCHD,1Y,2025-05-02,2026-03-20,10% OTM,60,Roll @75% Profit,1.71,1.94,0.0,5,5,0,60.0,63.98,0,0.0,3504.6,3564.58
SCHD,1Y,2025-05-02,2026-03-20,10% OTM,60,Roll @7d Before,2.0,2.27,0.0,12,12,0,91.7,80.95,0,0.0,3504.6,3574.55
SCHD,3Y,2023-04-28,2026-03-20,ATM,30,Hold to Expiry,13.68,4.55,-7.29,24,15,9,79.2,740.41,5,247.0,3504.6,3984.01
SCHD,3Y,2023-04-28,2026-03-20,ATM,30,Roll @50% Profit,6.71,2.28,-5.26,33,33,0,66.7,1297.22,0,0.0,3504.6,3739.72
SCHD,3Y,2023-04-28,2026-03-20,ATM,30,Roll @75% Profit,8.96,3.02,-5.91,26,26,0,76.9,1050.59,0,0.0,3504.6,3818.78
SCHD,3Y,2023-04-28,2026-03-20,ATM,30,Roll @7d Before,10.74,3.6,-5.26,39,39,0,71.8,1619.73,0,0.0,3504.6,3880.89
SCHD,3Y,2023-04-28,2026-03-20,ATM,45,Hold to Expiry,16.7,5.51,-5.55,16,9,7,75.0,585.17,4,332.0,3504.6,4089.77
SCHD,3Y,2023-04-28,2026-03-20,ATM,45,Roll @50% Profit,12.66,4.22,-2.91,23,23,0,69.6,1182.76,0,0.0,3504.6,3948.18
SCHD,3Y,2023-04-28,2026-03-20,ATM,45,Roll @75% Profit,9.41,3.17,-4.63,18,18,0,83.3,924.44,0,0.0,3504.6,3834.24
SCHD,3Y,2023-04-28,2026-03-20,ATM,45,Roll @7d Before,17.47,5.75,-5.12,26,26,0,80.8,1350.05,0,0.0,3504.6,4116.88
SCHD,3Y,2023-04-28,2026-03-20,ATM,60,Hold to Expiry,14.88,4.93,-9.4,12,7,5,83.3,521.42,3,284.0,3504.6,4026.02
SCHD,3Y,2023-04-28,2026-03-20,ATM,60,Roll @50% Profit,4.41,1.51,-6.04,18,18,0,61.1,894.25,0,0.0,3504.6,3659.09
SCHD,3Y,2023-04-28,2026-03-20,ATM,60,Roll @75% Profit,9.64,3.25,-3.48,14,14,0,71.4,849.31,0,0.0,3504.6,3842.55
SCHD,3Y,2023-04-28,2026-03-20,ATM,60,Roll @7d Before,15.2,5.03,-1.46,21,21,0,81.0,1073.67,0,0.0,3504.6,4037.32
SCHD,3Y,2023-04-28,2026-03-20,3% OTM,30,Hold to Expiry,8.04,2.72,-6.63,24,18,6,87.5,342.61,2,386.0,3504.6,3786.21
SCHD,3Y,2023-04-28,2026-03-20,3% OTM,30,Roll @50% Profit,3.47,1.19,-3.39,33,33,0,81.8,437.54,0,0.0,3504.6,3626.29
SCHD,3Y,2023-04-28,2026-03-20,3% OTM,30,Roll @75% Profit,2.68,0.92,-4.23,26,26,0,88.5,369.57,0,0.0,3504.6,3598.43
SCHD,3Y,2023-04-28,2026-03-20,3% OTM,30,Roll @7d Before,5.75,1.96,-3.39,39,39,0,84.6,530.25,0,0.0,3504.6,3706.29
SCHD,3Y,2023-04-28,2026-03-20,3% OTM,45,Hold to Expiry,8.83,2.98,-6.75,16,11,5,87.5,309.51,2,413.0,3504.6,3814.11
SCHD,3Y,2023-04-28,2026-03-20,3% OTM,45,Roll @50% Profit,7.44,2.52,-1.86,23,23,0,78.3,444.29,0,0.0,3504.6,3765.38
SCHD,3Y,2023-04-28,2026-03-20,3% OTM,45,Roll @75% Profit,4.17,1.43,-3.0,18,18,0,83.3,340.84,0,0.0,3504.6,3650.77
SCHD,3Y,2023-04-28,2026-03-20,3% OTM,45,Roll @7d Before,8.89,3.0,-3.65,26,26,0,92.3,516.62,0,0.0,3504.6,3816.22
SCHD,3Y,2023-04-28,2026-03-20,3% OTM,60,Hold to Expiry,11.69,3.91,-6.07,12,10,2,83.3,309.74,2,334.0,3504.6,3914.34
SCHD,3Y,2023-04-28,2026-03-20,3% OTM,60,Roll @50% Profit,3.29,1.13,-4.85,18,18,0,77.8,478.26,0,0.0,3504.6,3619.8
SCHD,3Y,2023-04-28,2026-03-20,3% OTM,60,Roll @75% Profit,6.7,2.28,-1.22,14,14,0,85.7,343.69,0,0.0,3504.6,3739.27
SCHD,3Y,2023-04-28,2026-03-20,3% OTM,60,Roll @7d Before,10.03,3.37,-1.51,21,21,0,90.5,499.84,0,0.0,3504.6,3856.19
SCHD,3Y,2023-04-28,2026-03-20,5% OTM,30,Hold to Expiry,11.27,3.78,-4.6,24,18,6,95.8,195.1,1,681.0,3504.6,3899.7
SCHD,3Y,2023-04-28,2026-03-20,5% OTM,30,Roll @50% Profit,0.51,0.18,-3.45,33,33,0,75.8,239.76,0,0.0,3504.6,3522.37
SCHD,3Y,2023-04-28,2026-03-20,5% OTM,30,Roll @75% Profit,-1.31,-0.46,-4.3,26,26,0,88.5,183.78,0,0.0,3504.6,3458.56
SCHD,3Y,2023-04-28,2026-03-20,5% OTM,30,Roll @7d Before,0.77,0.27,-3.45,39,39,0,79.5,255.08,0,0.0,3504.6,3531.64
SCHD,3Y,2023-04-28,2026-03-20,5% OTM,45,Hold to Expiry,6.49,2.21,-3.15,16,15,1,93.8,227.52,1,551.0,3504.6,3732.12
SCHD,3Y,2023-04-28,2026-03-20,5% OTM,45,Roll @50% Profit,3.47,1.19,-1.89,23,23,0,82.6,273.51,0,0.0,3504.6,3626.31
SCHD,3Y,2023-04-28,2026-03-20,5% OTM,45,Roll @75% Profit,3.32,1.14,-0.56,18,18,0,88.9,190.25,0,0.0,3504.6,3621.03
SCHD,3Y,2023-04-28,2026-03-20,5% OTM,45,Roll @7d Before,1.9,0.66,-3.73,26,26,0,92.3,238.8,0,0.0,3504.6,3571.31
SCHD,3Y,2023-04-28,2026-03-20,5% OTM,60,Hold to Expiry,10.05,3.38,-6.52,12,10,2,83.3,252.13,2,334.0,3504.6,3856.73
SCHD,3Y,2023-04-28,2026-03-20,5% OTM,60,Roll @50% Profit,2.17,0.75,-3.09,18,18,0,83.3,246.74,0,0.0,3504.6,3580.68
SCHD,3Y,2023-04-28,2026-03-20,5% OTM,60,Roll @75% Profit,3.93,1.35,-1.23,14,14,0,85.7,241.52,0,0.0,3504.6,3642.41
SCHD,3Y,2023-04-28,2026-03-20,5% OTM,60,Roll @7d Before,5.96,2.03,-0.18,21,21,0,95.2,240.27,0,0.0,3504.6,3713.63
SCHD,3Y,2023-04-28,2026-03-20,10% OTM,30,Hold to Expiry,17.18,5.66,-3.41,24,16,8,95.8,63.17,0,0.0,3504.6,4106.77
SCHD,3Y,2023-04-28,2026-03-20,10% OTM,30,Roll @50% Profit,-0.02,-0.01,-0.58,33,33,0,15.2,51.48,0,0.0,3504.6,3503.89
SCHD,3Y,2023-04-28,2026-03-20,10% OTM,30,Roll @75% Profit,0.58,0.2,-0.14,26,26,0,23.1,50.21,0,0.0,3504.6,3524.99
SCHD,3Y,2023-04-28,2026-03-20,10% OTM,30,Roll @7d Before,-0.02,-0.01,-0.58,39,39,0,12.8,57.48,0,0.0,3504.6,3503.89
SCHD,3Y,2023-04-28,2026-03-20,10% OTM,45,Hold to Expiry,1.58,0.55,0.0,16,16,0,100.0,55.33,0,0.0,3504.6,3559.93
SCHD,3Y,2023-04-28,2026-03-20,10% OTM,45,Roll @50% Profit,0.82,0.28,-0.4,23,23,0,26.1,64.8,0,0.0,3504.6,3533.42
SCHD,3Y,2023-04-28,2026-03-20,10% OTM,45,Roll @75% Profit,0.68,0.23,0.0,18,18,0,27.8,40.68,0,0.0,3504.6,3528.28
SCHD,3Y,2023-04-28,2026-03-20,10% OTM,45,Roll @7d Before,0.56,0.19,-0.69,26,26,0,34.6,68.69,0,0.0,3504.6,3524.18
SCHD,3Y,2023-04-28,2026-03-20,10% OTM,60,Hold to Expiry,2.15,0.74,0.0,12,12,0,100.0,75.21,0,0.0,3504.6,3579.81
SCHD,3Y,2023-04-28,2026-03-20,10% OTM,60,Roll @50% Profit,0.1,0.04,-1.69,18,18,0,44.4,80.85,0,0.0,3504.6,3508.26
SCHD,3Y,2023-04-28,2026-03-20,10% OTM,60,Roll @75% Profit,1.96,0.68,-0.01,14,14,0,42.9,82.05,0,0.0,3504.6,3573.43
SCHD,3Y,2023-04-28,2026-03-20,10% OTM,60,Roll @7d Before,0.72,0.25,0.0,21,21,0,66.7,45.18,0,0.0,3504.6,3529.78
SCHD,5Y,2021-04-28,2026-03-20,ATM,30,Hold to Expiry,25.94,4.84,-8.37,40,21,19,77.5,1270.11,9,430.0,3504.6,4413.71
SCHD,5Y,2021-04-28,2026-03-20,ATM,30,Roll @50% Profit,15.56,3.01,-6.28,55,55,0,74.5,2518.82,0,0.0,3504.6,4049.86
SCHD,5Y,2021-04-28,2026-03-20,ATM,30,Roll @75% Profit,12.22,2.39,-5.65,43,43,0,72.1,1749.3,0,0.0,3504.6,3932.89
SCHD,5Y,2021-04-28,2026-03-20,ATM,30,Roll @7d Before,19.47,3.71,-6.28,61,61,0,77.0,2823.12,0,0.0,3504.6,4187.11
SCHD,5Y,2021-04-28,2026-03-20,ATM,45,Hold to Expiry,26.5,4.93,-8.23,27,12,15,88.9,1028.87,6,513.0,3504.6,4433.47
SCHD,5Y,2021-04-28,2026-03-20,ATM,45,Roll @50% Profit,15.58,3.01,-2.62,38,38,0,71.1,1860.15,0,0.0,3504.6,4050.53
SCHD,5Y,2021-04-28,2026-03-20,ATM,45,Roll @75% Profit,12.32,2.41,-6.79,30,30,0,73.3,1447.2,0,0.0,3504.6,3936.38
SCHD,5Y,2021-04-28,2026-03-20,ATM,45,Roll @7d Before,18.88,3.61,-3.29,40,40,0,80.0,2004.26,0,0.0,3504.6,4166.36
SCHD,5Y,2021-04-28,2026-03-20,ATM,60,Hold to Expiry,23.92,4.49,-8.53,21,11,10,90.5,999.46,3,812.0,3504.6,4343.06
SCHD,5Y,2021-04-28,2026-03-20,ATM,60,Roll @50% Profit,6.83,1.36,-7.2,29,29,0,69.0,1778.3,0,0.0,3504.6,3743.93
SCHD,5Y,2021-04-28,2026-03-20,ATM,60,Roll @75% Profit,4.53,0.91,-5.89,23,23,0,73.9,1164.92,0,0.0,3504.6,3663.38
SCHD,5Y,2021-04-28,2026-03-20,ATM,60,Roll @7d Before,18.27,3.5,-5.69,31,31,0,80.6,1747.25,0,0.0,3504.6,4145.06
SCHD,5Y,2021-04-28,2026-03-20,3% OTM,30,Hold to Expiry,20.78,3.94,-8.19,40,26,14,85.0,689.23,6,593.0,3504.6,4232.83
SCHD,5Y,2021-04-28,2026-03-20,3% OTM,30,Roll @50% Profit,8.81,1.74,-3.73,55,55,0,85.5,895.43,0,0.0,3504.6,3813.23
SCHD,5Y,2021-04-28,2026-03-20,3% OTM,30,Roll @75% Profit,6.08,1.22,-2.52,43,43,0,83.7,698.23,0,0.0,3504.6,3717.73
SCHD,5Y,2021-04-28,2026-03-20,3% OTM,30,Roll @7d Before,11.06,2.17,-3.73,61,61,0,86.9,981.19,0,0.0,3504.6,3892.12
SCHD,5Y,2021-04-28,2026-03-20,3% OTM,45,Hold to Expiry,16.57,3.19,-8.55,27,19,8,88.9,680.86,4,712.0,3504.6,4085.46
SCHD,5Y,2021-04-28,2026-03-20,3% OTM,45,Roll @50% Profit,8.28,1.64,-1.85,38,38,0,76.3,917.77,0,0.0,3504.6,3794.66
SCHD,5Y,2021-04-28,2026-03-20,3% OTM,45,Roll @75% Profit,7.9,1.57,-3.72,30,30,0,80.0,756.0,0,0.0,3504.6,3781.45
SCHD,5Y,2021-04-28,2026-03-20,3% OTM,45,Roll @7d Before,17.4,3.34,-1.92,40,40,0,90.0,915.4,0,0.0,3504.6,4114.24
SCHD,5Y,2021-04-28,2026-03-20,3% OTM,60,Hold to Expiry,13.99,2.72,-8.71,21,14,7,100.0,490.39,1,670.0,3504.6,3994.99
SCHD,5Y,2021-04-28,2026-03-20,3% OTM,60,Roll @50% Profit,3.61,0.73,-4.85,29,29,0,79.3,766.65,0,0.0,3504.6,3631.26
SCHD,5Y,2021-04-28,2026-03-20,3% OTM,60,Roll @75% Profit,3.99,0.8,-3.55,23,23,0,78.3,641.56,0,0.0,3504.6,3644.46
SCHD,5Y,2021-04-28,2026-03-20,3% OTM,60,Roll @7d Before,16.1,3.11,-2.95,31,31,0,80.6,953.0,0,0.0,3504.6,4068.98
SCHD,5Y,2021-04-28,2026-03-20,5% OTM,30,Hold to Expiry,13.76,2.68,-7.8,40,34,6,92.5,382.32,3,640.0,3504.6,3986.92
SCHD,5Y,2021-04-28,2026-03-20,5% OTM,30,Roll @50% Profit,2.4,0.49,-3.74,55,55,0,78.2,471.13,0,0.0,3504.6,3588.71
SCHD,5Y,2021-04-28,2026-03-20,5% OTM,30,Roll @75% Profit,5.61,1.12,-1.02,43,43,0,83.7,343.01,0,0.0,3504.6,3701.05
SCHD,5Y,2021-04-28,2026-03-20,5% OTM,30,Roll @7d Before,2.62,0.53,-3.74,61,61,0,80.3,485.07,0,0.0,3504.6,3596.59
SCHD,5Y,2021-04-28,2026-03-20,5% OTM,45,Hold to Expiry,10.49,2.07,-5.3,27,25,2,92.6,367.81,2,712.0,3504.6,3872.41
SCHD,5Y,2021-04-28,2026-03-20,5% OTM,45,Roll @50% Profit,3.99,0.81,-1.54,38,38,0,81.6,446.35,0,0.0,3504.6,3644.6
SCHD,5Y,2021-04-28,2026-03-20,5% OTM,45,Roll @75% Profit,3.84,0.77,-1.87,30,30,0,86.7,336.6,0,0.0,3504.6,3639.06
SCHD,5Y,2021-04-28,2026-03-20,5% OTM,45,Roll @7d Before,9.62,1.9,-0.45,40,40,0,92.5,441.37,0,0.0,3504.6,3841.58
SCHD,5Y,2021-04-28,2026-03-20,5% OTM,60,Hold to Expiry,11.54,2.26,-8.72,21,16,5,95.2,304.55,2,518.0,3504.6,3909.15
SCHD,5Y,2021-04-28,2026-03-20,5% OTM,60,Roll @50% Profit,0.83,0.17,-3.86,29,29,0,79.3,492.06,0,0.0,3504.6,3533.59
SCHD,5Y,2021-04-28,2026-03-20,5% OTM,60,Roll @75% Profit,4.0,0.81,-2.1,23,23,0,82.6,343.53,0,0.0,3504.6,3644.68
SCHD,5Y,2021-04-28,2026-03-20,5% OTM,60,Roll @7d Before,8.1,1.61,-1.72,31,31,0,87.1,476.04,0,0.0,3504.6,3788.64
SCHD,5Y,2021-04-28,2026-03-20,10% OTM,30,Hold to Expiry,19.59,3.73,-3.87,40,33,7,97.5,86.52,1,1208.0,3504.6,4191.12
SCHD,5Y,2021-04-28,2026-03-20,10% OTM,30,Roll @50% Profit,0.34,0.07,-1.01,55,55,0,20.0,118.12,0,0.0,3504.6,3516.59
SCHD,5Y,2021-04-28,2026-03-20,10% OTM,30,Roll @75% Profit,1.27,0.26,0.0,43,43,0,23.3,86.5,0,0.0,3504.6,3549.1
SCHD,5Y,2021-04-28,2026-03-20,10% OTM,30,Roll @7d Before,0.34,0.07,-1.01,61,61,0,18.0,124.12,0,0.0,3504.6,3516.59
SCHD,5Y,2021-04-28,2026-03-20,10% OTM,45,Hold to Expiry,8.88,1.76,-3.16,27,26,1,96.3,111.16,1,413.0,3504.6,3815.76
SCHD,5Y,2021-04-28,2026-03-20,10% OTM,45,Roll @50% Profit,1.65,0.34,-0.16,38,38,0,34.2,111.37,0,0.0,3504.6,3562.59
SCHD,5Y,2021-04-28,2026-03-20,10% OTM,45,Roll @75% Profit,1.33,0.27,-0.06,30,30,0,43.3,81.22,0,0.0,3504.6,3551.11
SCHD,5Y,2021-04-28,2026-03-20,10% OTM,45,Roll @7d Before,1.53,0.31,0.0,40,40,0,40.0,94.27,0,0.0,3504.6,3558.31
SCHD,5Y,2021-04-28,2026-03-20,10% OTM,60,Hold to Expiry,5.34,1.07,-8.59,21,19,2,95.2,87.03,1,426.0,3504.6,3691.63
SCHD,5Y,2021-04-28,2026-03-20,10% OTM,60,Roll @50% Profit,1.11,0.23,-1.32,29,29,0,48.3,128.53,0,0.0,3504.6,3543.35
SCHD,5Y,2021-04-28,2026-03-20,10% OTM,60,Roll @75% Profit,1.59,0.32,-0.16,23,23,0,47.8,90.7,0,0.0,3504.6,3560.47
SCHD,5Y,2021-04-28,2026-03-20,10% OTM,60,Roll @7d Before,2.08,0.42,-0.46,31,31,0,67.7,119.39,0,0.0,3504.6,3577.59
